统一社会信用代码,企业名称,行业代码,主要业务活动,是否体育,体育业态,体育业务占比,置信度,样本ID,标注A_是否体育,标注A_体育业态,标注A_判断依据,标注B_是否体育,标注B_体育业态,标注B_判断依据,金标准_是否体育,金标准_体育业态,金标准_仲裁理由
91510114MA67GDEA8E,四川浩广天体育设施工程有限公司,4892,体育场地工程施工,True,体育场馆,0.8736,0.95,1,是,体育场馆,直接代码+2个体育信号,是,体育场馆,直接代码+2个体育信号,是,体育场馆,双方一致
91511124MA6863276R,井研达成教育有限公司,8399,教育培训,False,非体育,0.075,0.0,2,否,,间接代码但文本无体育信号,否,,间接代码但文本无体育信号,否,,双方一致
91510107MABWDQ2M06,成都嘉动力体育文化传播有限公司,8392,体育培训,True,体育培训,0.8736,0.95,3,是,体育培训,直接代码+1个体育信号,是,体育培训,直接代码+1个体育信号,是,体育培训,双方一致
91510107066981390U,成都宏腾威科技有限责任公司,8991,文化体育推广及服务,True,体育传媒,0.6611,0.9,4,是,体育传媒,非代码+1信号+短文本,是,体育传媒,非代码+1个信号,是,体育传媒,双方一致
91511302MA68NPKB69,南充名鼎商贸有限公司,5142,体育用品批发服务,True,体育用品,0.8736,0.95,5,是,体育用品,直接代码+1个体育信号,是,体育用品,直接代码+1个体育信号,是,体育用品,双方一致
91510181MA635P8J2U,成都市柔之道体育文化发展有限责任公司,8911,体育竞赛组织,True,体育赛事,0.8736,0.95,6,是,体育赛事,直接代码+1个体育信号,是,体育赛事,直接代码+1个体育信号,是,体育赛事,双方一致
91511402MA64R4C06Y,四川星趣户外运动策划有限公司,8919,户外运动组织策划,True,健身休闲,0.8736,0.95,7,是,健身休闲,直接代码+1个体育信号,是,健身休闲,直接代码+1个体育信号,是,健身休闲,双方一致
91510781MAACPP027P,四川自腾科技有限公司,9041,体彩零售,True,体育彩票,0.6611,0.9,8,是,体育彩票,非代码+1信号+短文本,是,体育彩票,非代码+1个信号,是,体育彩票,双方一致
91513227MA625JRK41,小金县美兴镇便民诊所,8053,保健按摩,False,非体育,0.0,0.0,9,否,,无任何体育信号,否,,无任何体育信号,否,,双方一致
91511321MA629CTN43,四川省南部县南美服装有限公司,1821,运动休闲针织服装制造,True,体育用品,0.2125,0.85,10,是,,"直接体育代码,文本无明显体育描述",是,,"直接体育代码,文本无明显体育描述",是,,双方一致
91510421MA63QCWT68,米易峡谷风情康养旅游开发有限公司,8930,健身休闲活动,True,健身休闲,0.2125,0.85,11,是,健身休闲,直接代码+1个体育信号,是,健身休闲,直接代码+1个体育信号,是,健身休闲,双方一致
91510108MA61TQNUX6,成都蜂鸟飞扬体育文化传播有限公司,8911,体育赛事活动策划,True,体育赛事,0.8736,0.95,12,是,体育赛事,直接代码+1个体育信号,是,体育赛事,直接代码+1个体育信号,是,体育赛事,双方一致
91510725MAC2H1H71W,梓潼县志噶元体育设施工程有限公司,4991,体育器材安装,True,体育用品,0.6611,0.9,13,是,体育用品,非代码+1信号+短文本,是,体育用品,非代码+1个信号,是,体育用品,双方一致
91511102MAC3NYPQ1E,四川昶畅商贸有限公司,5242,体育用品及器材零售,True,体育用品,0.8736,0.95,14,是,体育用品,直接代码+1个体育信号,是,体育用品,直接代码+1个体育信号,是,体育用品,双方一致
91510700MAC520063N,四川恒众鑫科技有限公司,6429,互联网信息服务,False,非体育,0.0,0.0,15,否,,无任何体育信号,否,,无任何体育信号,否,,双方一致
91511802MAC73LN48W,雅安弘源体育发展有限公司,9052,体育赛事策划,True,体育赛事,0.6611,0.9,16,是,体育赛事,非代码+2个信号→跨界,是,体育赛事,非代码+2个信号→跨界,是,体育赛事,双方一致
91510124MA6445CR47,成都诺诚斯特体育文化传播有限公司,8930,健身服务,True,健身休闲,0.8736,0.95,17,是,健身休闲,直接代码+1个体育信号,是,健身休闲,直接代码+1个体育信号,是,健身休闲,双方一致
91511011MAD27ER78M,内江馨凯广告策划制作有限责任公司,7259,广告制作,False,非体育,0.075,0.0,18,否,,间接代码但文本无体育信号,否,,间接代码但文本无体育信号,否,,双方一致
91510703MABR818E3T,四川华睿斯游泳馆管理有限公司,8930,游泳服务,True,健身休闲,0.8736,0.95,19,是,健身休闲,直接代码+1个体育信号,是,健身休闲,直接代码+1个体育信号,是,健身休闲,双方一致
91510181MA65WDGB47,成都菘蓝体育俱乐部有限公司,8911,体育竞赛组织,True,体育赛事,0.8736,0.95,20,是,体育赛事,直接代码+1个体育信号,是,体育赛事,直接代码+1个体育信号,是,体育赛事,双方一致
91510105MA68GP5A4Q,成都永无止境体育文化传播有限公司,8930,健身休闲活动,True,健身休闲,0.2125,0.85,21,是,健身休闲,直接代码+1个体育信号,是,健身休闲,直接代码+1个体育信号,是,健身休闲,双方一致
91510104MA6C77AA1E,四川乐立峰户外运动有限公司,8930,户外活动组织,True,健身休闲,0.2125,0.85,22,是,,"直接体育代码,文本无明显体育描述",是,,"直接体育代码,文本无明显体育描述",是,,双方一致
91510106MA64EBW60Q,四川金誉鸿安商贸有限公司,5142,运动器材批发,True,体育用品,0.8736,0.95,23,是,体育用品,直接代码+1个体育信号,是,体育用品,直接代码+1个体育信号,是,体育用品,双方一致
91510105725359301W,成都市四方印务有限责任公司,2319,包装装潢及其他印刷,False,非体育,0.0,0.0,24,否,,无任何体育信号,否,,无任何体育信号,否,,双方一致
91510300MACUPQC857,自贡市高新区奥帆体育培训学校有限公司,8392,体育培训服务,True,体育培训,0.8736,0.95,25,是,体育培训,直接代码+1个体育信号,是,体育培训,直接代码+1个体育信号,是,体育培训,双方一致
91511922MADPFDM008,巴中市龙滕拾光旅游服务有限公司,8930,户外游乐,True,健身休闲,0.2125,0.85,26,是,,"直接体育代码,文本无明显体育描述",是,,"直接体育代码,文本无明显体育描述",是,,双方一致
91511400MA644KEN5T,四川雏鹰计划无人机科技有限责任公司,6571,地理遥感信息服务,False,非体育,0.0,0.0,27,否,,无任何体育信号,否,,无任何体育信号,否,,双方一致
91511702MAD1HUTP5E,达州盈盛泰电子商务有限公司,5292,互联网销售,False,非体育,0.0,0.0,28,否,,无任何体育信号,否,,无任何体育信号,否,,双方一致
91510121342998755M,金堂绿茵小将体育培训学校有限责任公司,8392,体育培训文化艺术训,True,体育培训,0.8736,0.95,29,是,体育培训,直接代码+1个体育信号,是,体育培训,直接代码+1个体育信号,是,体育培训,双方一致
92510322MA644YA269,富顺县蜀联茶坊（个人独资）,8930,棋牌室服务,True,健身休闲,0.2125,0.85,30,是,,"直接体育代码,文本无明显体育描述",是,,"直接体育代码,文本无明显体育描述",是,,双方一致
91511402MA6ALFY17H,四川蚁动力户外运动拓展有限公司,8930,户外活动,True,健身休闲,0.2125,0.85,31,是,,"直接体育代码,文本无明显体育描述",是,,"直接体育代码,文本无明显体育描述",是,,双方一致
91510112MABMLCMY26,成都大杰健身服务有限公司,8930,健身休闲活动,True,健身休闲,0.2125,0.85,32,是,健身休闲,直接代码+1个体育信号,是,健身休闲,直接代码+1个体育信号,是,健身休闲,双方一致
91510107MA63BJHK4B,成都引力佰星科技有限公司,8930,健身休闲服务,True,健身休闲,0.2125,0.85,33,是,健身休闲,直接代码+1个体育信号,是,健身休闲,直接代码+1个体育信号,是,健身休闲,双方一致
91512002MA62K6X3XC,资阳市红宜优品户外用品有限公司,5242,零售体育用品,True,体育用品,0.8736,0.95,34,是,体育用品,直接代码+1个体育信号,是,体育用品,直接代码+1个体育信号,是,体育用品,双方一致
91510100MABUYFQB66,四川盛禧工程项目管理有限公司,7481,工程管理服务,False,非体育,0.0,0.0,35,否,,无任何体育信号,否,,无任何体育信号,否,,双方一致
91511703MAD2GJ0B1A,达州宏卓体育文化传播有限公司,9052,文体服务,False,非体育,0.0,0.0,36,否,,无任何体育信号,否,,无任何体育信号,否,,双方一致
91510107MA67PKBY30,四川胜美新能源有限公司,7320,工程和技术研究,False,非体育,0.0,0.0,37,否,,无任何体育信号,否,,无任何体育信号,否,,双方一致
91510107MA62MPGMX4,成都贤思齐鞋业有限公司,5233,鞋帽零售,False,非体育,0.0,0.0,38,否,,无任何体育信号,否,,无任何体育信号,否,,双方一致
91510104MA6A2U94XX,成都玛尔斯武术俱乐部有限责任公司,8930,健身休闲活动,True,健身休闲,0.2125,0.85,39,是,健身休闲,直接代码+1个体育信号,是,健身休闲,直接代码+1个体育信号,是,健身休闲,双方一致
915101227528275532,成都时空引擎斑马网吧,6422,电子竞技服务,True,电子竞技,0.6611,0.9,40,是,体育赛事,非代码+2个信号→跨界,是,体育赛事,非代码+2个信号→跨界,是,体育赛事,双方一致
91510402098338375F,攀枝花六九户外拓展运动策划有限公司,8919,户外拓展运动组织,True,健身休闲,0.8736,0.95,41,是,,"直接体育代码,文本无明显体育描述",是,,"直接体育代码,文本无明显体育描述",是,,双方一致
91510106MA6CRNFL69,成都凯立新鱼饵有限公司,5242,渔具零售,True,体育用品,0.8736,0.95,42,是,体育用品,直接代码+1个体育信号,是,体育用品,直接代码+1个体育信号,是,体育用品,双方一致
91510112MA63PEB3XD,成都寻武道文化传播有限公司,8911,跆拳道培训,True,体育培训,0.8736,0.95,43,是,健身休闲,直接代码+1个体育信号,是,健身休闲,直接代码+1个体育信号,是,健身休闲,双方一致
91510704MACC91KK26,四川迎浩世文化传播有限公司,8392,轮滑培训,True,体育培训,0.2125,0.85,44,是,,"直接体育代码,文本无明显体育描述",是,,"直接体育代码,文本无明显体育描述",是,,双方一致
91510116MABN958U7D,成都双羽星体育发展有限公司,8930,羽毛球健身,True,体育用品,0.8736,0.95,45,是,健身休闲,直接代码+1个体育信号,是,健身休闲,直接代码+1个体育信号,是,健身休闲,双方一致
91510124MA7FDCPP02,四川松屹城市家具有限公司,5242,户外座椅零售,True,体育用品,0.2125,0.85,46,是,,"直接体育代码,文本无明显体育描述",是,,"直接体育代码,文本无明显体育描述",是,,双方一致
91510322MA665N9T8Q,富顺县杰立搏击俱乐部有限公司,8930,健身休闲活动,True,健身休闲,0.2125,0.85,47,是,健身休闲,直接代码+1个体育信号,是,健身休闲,直接代码+1个体育信号,是,健身休闲,双方一致
91511902MA633LG81Y,巴中市康骋体育场地建设有限公司,5242,体育用品器材零售,True,体育用品,0.8736,0.95,48,是,体育用品,直接代码+1个体育信号,是,体育用品,直接代码+1个体育信号,是,体育用品,双方一致
91511623MAACJB7R5T,邻水县星源篮球俱乐部有限责任公司,8930,健身娱乐,True,健身休闲,0.2125,0.85,49,是,健身休闲,直接代码+1个体育信号,是,健身休闲,直接代码+1个体育信号,是,健身休闲,双方一致
91510300MA7DL8M32X,四川高合升商业管理有限公司,7222,商业综合体管理服务,False,非体育,0.0,0.0,50,否,,无任何体育信号,否,,无任何体育信号,否,,双方一致
91511528MA63DHFW53,兴文县捷众国际象棋俱乐部有限责任公司,8930,棋牌娱乐服务,True,健身休闲,0.2125,0.85,51,是,,"直接体育代码,文本无明显体育描述",是,,"直接体育代码,文本无明显体育描述",是,,双方一致
91510112MAC4GTM68G,成都市龙泉驿启智领航体育科技有限公司,8930,体育培训服务,True,体育培训,0.8736,0.95,52,是,体育培训,直接代码+1个体育信号,是,体育培训,直接代码+1个体育信号,是,体育培训,双方一致
91511702MAC8QTK399,达州市博临贸易有限公司,5242,体育器材零售,True,体育用品,0.8736,0.95,53,是,体育用品,直接代码+1个体育信号,是,体育用品,直接代码+1个体育信号,是,体育用品,双方一致
91510105321528690L,成都元侯贸易有限公司,5142,体育用品和器材批发,True,体育用品,0.8736,0.95,54,是,体育用品,直接代码+1个体育信号,是,体育用品,直接代码+1个体育信号,是,体育用品,双方一致
91510100MA6CFJFJ3W,四川艺巳智能建筑工程有限公司,4892,体育场地工程施工,True,体育场馆,0.8736,0.95,55,是,体育场馆,直接代码+2个体育信号,是,体育场馆,直接代码+2个体育信号,是,体育场馆,双方一致
91510100MA6CFA3H67,成都蜀印时代图文设计有限公司,7259,其他广告服务,False,非体育,0.075,0.0,56,否,,间接代码但文本无体育信号,否,,间接代码但文本无体育信号,否,,双方一致
91510113MACHC2750T,成都众格旭阳商贸有限公司,5193,互联网服装批发,False,非体育,0.0,0.0,57,否,,无任何体育信号,否,,无任何体育信号,否,,双方一致
91510623MACBBTEL9D,德阳市飞羽羽毛球俱乐部有限公司,8911,体育运动服务,True,体育管理,0.2125,0.85,58,是,,"直接体育代码,文本无明显体育描述",是,,"直接体育代码,文本无明显体育描述",是,,双方一致
91510623MA64BUT91D,德阳翼搏地坪工程有限公司,4892,体育场地设施工程施工,True,体育场馆,0.8736,0.95,59,是,体育场馆,直接代码+2个体育信号,是,体育场馆,直接代码+2个体育信号,是,体育场馆,双方一致
91510104MA6DE0Y537,成都富宏体育文化传播有限公司,9052,体育赛事组织策划服务,True,体育赛事,0.6611,0.9,60,是,体育赛事,非代码+2个信号→跨界,是,体育赛事,非代码+2个信号→跨界,是,体育赛事,双方一致
9111000034423285XQ,成都天府宽窄文化传播有限公司,8911,体育赛事策划,True,体育赛事,0.8736,0.95,61,是,体育赛事,直接代码+2个体育信号,是,体育赛事,直接代码+2个体育信号,是,体育赛事,双方一致
915107036653501287,四川米好食品有限公司,7259,广告设计和制作,False,非体育,0.075,0.0,62,否,,间接代码但文本无体育信号,否,,间接代码但文本无体育信号,否,,双方一致
91510522MA6A4A2RX7,合江亿翔广告策划有限公司,7259,广告制作服务,False,非体育,0.075,0.0,63,否,,间接代码但文本无体育信号,否,,间接代码但文本无体育信号,否,,双方一致
91511800MACM6D9L69,雅安喜兔供应链科技有限责任公司,5292,技术推广服务,False,非体育,0.0,0.0,64,否,,无任何体育信号,否,,无任何体育信号,否,,双方一致
91511723MACWUFGF77,开江县启航金海豚知道健身管理有限责任公司,8930,健身服务,True,健身休闲,0.8736,0.95,65,是,健身休闲,直接代码+1个体育信号,是,健身休闲,直接代码+1个体育信号,是,健身休闲,双方一致
91510923314592854Y,大英零柒幺幺电子商务有限公司,5292,互联网零售,False,非体育,0.0,0.0,66,否,,无任何体育信号,否,,无任何体育信号,否,,双方一致
91510403MA6912UM8N,攀枝花琦迹清洗技术有限公司,8211,建筑清洗服务,False,非体育,0.0,0.0,67,否,,无任何体育信号,否,,无任何体育信号,否,,双方一致
91510124MABPTDW23B,四川川体科技有限公司,8912,体育场地设施服务,True,体育场馆,0.8736,0.95,68,是,体育场馆,直接代码+2个体育信号,是,体育场馆,直接代码+2个体育信号,是,体育场馆,双方一致
91510107577384694G,成都恒康源科技有限公司,5142,体育器材批发,True,体育用品,0.8736,0.95,69,是,体育用品,直接代码+1个体育信号,是,体育用品,直接代码+1个体育信号,是,体育用品,双方一致
91510107MAACHE0C58,成都手绘咖商贸有限公司,5292,互联网零售,False,非体育,0.0,0.0,70,否,,无任何体育信号,否,,无任何体育信号,否,,双方一致
91510105MAACQ4HG87,四川圣鑫顺朝体育文化发展有限公司,9052,体育赛事策划,True,体育赛事,0.6611,0.9,71,是,体育赛事,非代码+2个信号→跨界,是,体育赛事,非代码+2个信号→跨界,是,体育赛事,双方一致
915101077497370126,成都九门科技有限公司,6513,多媒体软件开发,False,非体育,0.075,0.0,72,否,,间接代码但文本无体育信号,否,,间接代码但文本无体育信号,否,,双方一致
91510115MA6ALN9D8B,成都鸿鑫德广告有限公司,7251,互联网广告设计制作服务,False,非体育,0.075,0.0,73,否,,间接代码但文本无体育信号,否,,间接代码但文本无体育信号,否,,双方一致
91511521MA68A80J79,宜宾市叙州区荣珍医疗器械经营部,8053,养生保健服务,False,非体育,0.0,0.0,74,否,,无任何体育信号,否,,无任何体育信号,否,,双方一致
91511424MA64UUE06U,丹棱县绿优鲜农业开发有限公司,5292,互联网水果零售,False,非体育,0.0,0.0,75,否,,无任何体育信号,否,,无任何体育信号,否,,双方一致
91510725MA6BLTUD9J,四川帝乡茂叶户外拓展有限公司,8930,健身休闲活动,True,健身休闲,0.2125,0.85,76,是,健身休闲,直接代码+1个体育信号,是,健身休闲,直接代码+1个体育信号,是,健身休闲,双方一致
91510106MA6DHQG990,四川康正堂生物科技有限公司,5126,保健品批发,False,非体育,0.0,0.0,77,否,,无任何体育信号,否,,无任何体育信号,否,,双方一致
91510131MAC1486NXN,蒲江县弈之山围棋俱乐部有限公司,8911,体育竞赛组织,True,体育赛事,0.8736,0.95,78,是,体育赛事,直接代码+1个体育信号,是,体育赛事,直接代码+1个体育信号,是,体育赛事,双方一致
91510922MABRQLP42J,遂宁沁芸教育咨询有限公司,5242,体育用品零售,True,体育用品,0.8736,0.95,79,是,体育用品,直接代码+1个体育信号,是,体育用品,直接代码+1个体育信号,是,体育用品,双方一致
91510603MABU9R0311,四川壹久招标代理有限责任公司,7481,工程造价咨询服务,False,非体育,0.0,0.0,80,否,,无任何体育信号,否,,无任何体育信号,否,,双方一致
91510112MA7KXB3A9H,成都品悟欣阅图书有限公司,5243,书刊零售,False,非体育,0.0,0.0,81,否,,无任何体育信号,否,,无任何体育信号,否,,双方一致
91510108MAACPC240A,成都香霖阁茶楼有限公司,8930,茶楼棋牌服务,True,健身休闲,0.2125,0.85,82,是,,"直接体育代码,文本无明显体育描述",是,,"直接体育代码,文本无明显体育描述",是,,双方一致
91510100MA6B2GXN0H,四川川体水上文化传播有限公司,8911,体育竞赛组织,True,体育赛事,0.8736,0.95,83,是,体育赛事,直接代码+1个体育信号,是,体育赛事,直接代码+1个体育信号,是,体育赛事,双方一致
91511500MADMK8GB3M,宜宾市新墨象教育咨询有限公司,8399,教育培訓,False,非体育,0.075,0.0,84,否,,间接代码但文本无体育信号,否,,间接代码但文本无体育信号,否,,双方一致
91510502MA6222GWXW,泸州运之康体育场馆服务有限公司,8921,体育场所管理,True,体育场馆,0.8736,0.95,85,是,体育场馆,直接代码+1个体育信号,是,体育场馆,直接代码+1个体育信号,是,体育场馆,双方一致
91511923MABT7UCN8M,巴中市龙福鞋业有限公司,1952,运动鞋制造,True,体育用品,0.7361,0.9,86,是,体育用品,间接代码+1个体育信号,是,体育用品,间接代码+1个体育信号,是,体育用品,双方一致
91510104MA6BEN9M4D,成都农旺善需贸易有限公司,5292,互联网零售,False,非体育,0.0,0.0,87,否,,无任何体育信号,否,,无任何体育信号,否,,双方一致
91510106MABM8HWU6Q,成都威意孚健身管理有限公司,8930,健身休闲活动,True,健身休闲,0.2125,0.85,88,是,健身休闲,直接代码+1个体育信号,是,健身休闲,直接代码+1个体育信号,是,健身休闲,双方一致
91510703MA6244DG6Y,四川天之健体育用品有限公司,5242,体育器材零售,True,体育用品,0.8736,0.95,89,是,体育用品,直接代码+1个体育信号,是,体育用品,直接代码+1个体育信号,是,体育用品,双方一致
91511126MA7LUR5243,乐山千米特训户外拓展有限公司,9052,组织体育表演活动,True,体育赛事,0.6611,0.9,90,是,体育赛事,非代码+1信号+短文本,是,体育赛事,非代码+1个信号,是,体育赛事,双方一致
91510112MAC5XAAA6K,成都云橙鑫城商贸有限公司,5292,互联网零售,False,非体育,0.0,0.0,91,否,,无任何体育信号,否,,无任何体育信号,否,,双方一致
91510114MA65N0D35K,成都智选娱乐有限公司,8930,健身休闲活动,True,健身休闲,0.2125,0.85,92,是,健身休闲,直接代码+1个体育信号,是,健身休闲,直接代码+1个体育信号,是,健身休闲,双方一致
91510100MA6C73FA27,成都凯可特思商贸有限公司,8930,健身服务,True,健身休闲,0.8736,0.95,93,是,健身休闲,直接代码+1个体育信号,是,健身休闲,直接代码+1个体育信号,是,健身休闲,双方一致
91510107MABRJKGH0C,四川寰球拓海体育文化发展有限公司,8919,体育文化组织,True,体育管理,0.8736,0.95,94,是,,"直接体育代码,文本无明显体育描述",是,,"直接体育代码,文本无明显体育描述",是,,双方一致
91510107399425501D,成都丰亿餐饮管理有限公司,5133,鞋帽批发,False,非体育,0.0,0.0,95,否,,无任何体育信号,否,,无任何体育信号,否,,双方一致
91513401MA7LT0LT82,西昌金亚体育文化发展有限责任公司,8912,金亚体育文化发展,True,体育管理,0.8736,0.95,96,是,,"直接体育代码,文本无明显体育描述",是,,"直接体育代码,文本无明显体育描述",是,,双方一致
91510100350544155X,成都市魔方运动网络科技有限公司,8930,体育休闲健身服务,True,健身休闲,0.8736,0.95,97,是,健身休闲,直接代码+1个体育信号,是,健身休闲,直接代码+1个体育信号,是,健身休闲,双方一致
91510502MADQFPHK6J,四川格斯思工程项目管理有限公司,7481,工程管理服务,False,非体育,0.0,0.0,98,否,,无任何体育信号,否,,无任何体育信号,否,,双方一致
91510300782291972P,自贡市巅峰户外运动有限公司,8930,健身休闲活动,True,健身休闲,0.2125,0.85,99,是,健身休闲,直接代码+1个体育信号,是,健身休闲,直接代码+1个体育信号,是,健身休闲,双方一致
91510100MA6ACJ2C5N,成都渡渡鸟网络科技有限公司,7492,动漫产品设计服务,False,非体育,0.0,0.0,100,否,,无任何体育信号,否,,无任何体育信号,否,,双方一致
91510106MA62NLBP79,成都美田电子商务有限公司,5292,网上销售：预包装食品兼散装食品、农副产品、服装、水产品、、建材、机械设备及配件、塑料制品、文具用品、办公设备、金属制品、电气设备、办公用品、体育用品、日用品、玻璃及玻璃制品、金属材料、橡胶制品、五金产品、家具、计算机软硬件；软件开发；信息技术咨询服务（不含信息技术培训服务）,True,体育用品,0.1028,0.6,101,否,,非代码+1弱信号+长文本,是,体育用品,非代码+1个信号,是,体育用品,仲裁(A=False/B=True):非代码+1个信号
91510100MA69GCMQ9C,成都天逸体育文化传播有限公司,9052,体育服务,True,体育管理,0.6611,0.9,102,是,体育管理,非代码+1信号+短文本,是,体育管理,非代码+1个信号,是,体育管理,双方一致
91510124MA69XRAM3K,成都秉承恒鑫商贸有限公司,7481,工程管理服务,False,非体育,0.0,0.0,103,否,,无任何体育信号,否,,无任何体育信号,否,,双方一致
91510124MAC6EKB13J,中际成投成都建设有限公司,4892,体育设施设备施工,True,体育场馆,0.8736,0.95,104,是,体育用品,直接代码+1个体育信号,是,体育用品,直接代码+1个体育信号,是,体育用品,双方一致
91510503MA64QEE352,泸州市纳溪区力健体育文化传播有限公司,8919,体育保障组织,True,体育管理,0.2125,0.85,105,是,,"直接体育代码,文本无明显体育描述",是,,"直接体育代码,文本无明显体育描述",是,,双方一致
91510124MA67NTQ47R,四川一健成名体育科技有限公司,8930,健身咨询,True,健身休闲,0.2125,0.85,106,是,健身休闲,直接代码+1个体育信号,是,健身休闲,直接代码+1个体育信号,是,健身休闲,双方一致
91510107MA61W7JE87,成都泛翔体育用品有限公司,5142,体育用品批发,True,体育用品,0.8736,0.95,107,是,体育用品,直接代码+1个体育信号,是,体育用品,直接代码+1个体育信号,是,体育用品,双方一致
91513401MA69LKHU9D,西昌予杨户外运动用品有限责任公司,5242,体育用品及器材零售,True,体育用品,0.8736,0.95,108,是,体育用品,直接代码+1个体育信号,是,体育用品,直接代码+1个体育信号,是,体育用品,双方一致
91510112MA6CBEJ08B,成都市龙天博汇商贸有限公司,5242,学校训练器材零售,True,体育用品,0.2125,0.85,109,是,,"直接体育代码,文本无明显体育描述",是,,"直接体育代码,文本无明显体育描述",是,,双方一致
91510421MA638GRK3P,攀枝花乐驰体育文化传播有限公司,8392,体校及体育培训,True,体育培训,0.8736,0.95,110,是,体育培训,直接代码+1个体育信号,是,体育培训,直接代码+1个体育信号,是,体育培训,双方一致
91510504MAC7AQEK3K,泸州勇者搏击俱乐部有限责任公司,8930,健身休闲活动,True,健身休闲,0.2125,0.85,111,是,健身休闲,直接代码+1个体育信号,是,健身休闲,直接代码+1个体育信号,是,健身休闲,双方一致
91510623MAACFEX22Q,四川泉兴体育设施工程有限责任公司,4892,体育场地设施工程施工,True,体育场馆,0.8736,0.95,112,是,体育场馆,直接代码+2个体育信号,是,体育场馆,直接代码+2个体育信号,是,体育场馆,双方一致
91510181MA6B6X73X2,成都优享健身服务有限公司,8930,健身休闲活动服务,True,健身休闲,0.2125,0.85,113,是,健身休闲,直接代码+1个体育信号,是,健身休闲,直接代码+1个体育信号,是,健身休闲,双方一致
91510107MAAF5LJ98T,四川州驰体育科技有限公司,8911,网球教学,True,体育用品,0.8736,0.95,114,是,,"直接体育代码,文本无明显体育描述",是,,"直接体育代码,文本无明显体育描述",是,,双方一致
91510106MA61TTQ363,成都西南武术培训中心,8392,市场化体育培训,True,体育培训,0.8736,0.95,115,是,体育培训,直接代码+1个体育信号,是,体育培训,直接代码+1个体育信号,是,体育培训,双方一致
91511102MADLU4R57M,四川如风体育用品有限责任公司,5242,体育用品线上批发与零售,True,体育用品,0.8736,0.95,116,是,体育用品,直接代码+1个体育信号,是,体育用品,直接代码+1个体育信号,是,体育用品,双方一致
91510100MA6CL5M07H,成都山旁之树户外运动有限公司,9052,体育赛事策划,True,体育赛事,0.6611,0.9,117,是,体育赛事,非代码+2个信号→跨界,是,体育赛事,非代码+2个信号→跨界,是,体育赛事,双方一致
91510603MABTFC6B6Q,德阳顶峰健身服务有限公司,8930,游泳健身服务,True,健身休闲,0.8736,0.95,118,是,健身休闲,直接代码+2个体育信号,是,健身休闲,直接代码+2个体育信号,是,健身休闲,双方一致
91510116MA7NBCC18M,成都景三七商贸部,5292,互联网零售活动,False,非体育,0.0,0.0,119,否,,无任何体育信号,否,,无任何体育信号,否,,双方一致
91510124MA68J4U433,成都洛奇体育运动有限公司,8392,自由搏击培训,True,体育培训,0.2125,0.85,120,是,,"直接体育代码,文本无明显体育描述",是,,"直接体育代码,文本无明显体育描述",是,,双方一致
91510703709194746K,绵阳市山水广告工程有限公司,7259,广告设计制作,False,非体育,0.075,0.0,121,否,,间接代码但文本无体育信号,否,,间接代码但文本无体育信号,否,,双方一致
91513427MA69H3MA9D,宁南县远新摩托车驾驶培训有限责任公司,8391,摩托车技能培训,False,非体育,0.075,0.0,122,否,,间接代码但文本无体育信号,否,,间接代码但文本无体育信号,否,,双方一致
92510824MACLRRNPXX,苍溪县恒态文化传媒有限公司,8930,休闲健身活动,True,健身休闲,0.2125,0.85,123,是,健身休闲,直接代码+1个体育信号,是,健身休闲,直接代码+1个体育信号,是,健身休闲,双方一致
91510922MA688W6C2D,遂宁广联电子商务有限公司,5193,互联网批发,False,非体育,0.0,0.0,124,否,,无任何体育信号,否,,无任何体育信号,否,,双方一致
91510107MAC9PTY41P,成都凯儿星动体育文化传播有限公司,8999,一般项目：组织文化艺术交流活动；体育场地设施经营（不含高危险性体育运动）；体育用品及器材批发；体育用品及器材零售；体育赛事策划；体育竞赛组织；会议及展览服务；健身休闲活动；软件开发；信息咨询服务（不含许可类信息咨询服务）；教育咨询服务（不含涉许可审批的教育培训活动）；社会经济咨询服务；计算机软硬件及辅助设备零售；计算机软硬件及辅助设备批发；日用品销售；建筑材料销售。（除依法须经批准的项目外，凭营业执照依法自主开展经营活动）,True,体育用品,0.296,0.75,125,是,体育赛事,非代码+7个强信号→跨界,是,体育赛事,非代码+7个强信号→跨界,是,体育赛事,双方一致
91510107MA6D02937P,四川省满天星体育发展有限公司,9052,体育表演服务,True,体育赛事,0.6611,0.9,126,是,体育赛事,非代码+1信号+短文本,是,体育赛事,非代码+1个信号,是,体育赛事,双方一致
91511803MACL0TX312,四川广大足球俱乐部有限责任公司,8911,体育竞赛组织,True,体育赛事,0.8736,0.95,127,是,体育赛事,直接代码+1个体育信号,是,体育赛事,直接代码+1个体育信号,是,体育赛事,双方一致
91511900MA640L9B68,四川巴牛国际贸易有限责任公司,5181,贸易代理,False,非体育,0.0,0.0,128,否,,无任何体育信号,否,,无任何体育信号,否,,双方一致
91510106MA6C86L02D,成都馨馨泰体育用品有限公司,5142,批发体育用品,True,体育用品,0.8736,0.95,129,是,体育用品,直接代码+1个体育信号,是,体育用品,直接代码+1个体育信号,是,体育用品,双方一致
91510522MADMJ8WXXL,泸州挑园图书销售店（个人独资）,5243,图书销售,False,非体育,0.0,0.0,130,否,,无任何体育信号,否,,无任何体育信号,否,,双方一致
91510100MA674TGD35,成都掌元科技有限公司,6429,网络技术服务,False,非体育,0.0,0.0,131,否,,无任何体育信号,否,,无任何体育信号,否,,双方一致
91510100MAACNBYY64,四川惠天邦工程造价咨询有限公司,7481,工程管理服务,False,非体育,0.0,0.0,132,否,,无任何体育信号,否,,无任何体育信号,否,,双方一致
91511126MA7CWCCE9U,乐山市脱兔体育发展有限公司,8392,篮球培训,True,体育培训,0.8736,0.95,133,是,体育培训,直接代码+1个体育信号,是,体育培训,直接代码+1个体育信号,是,体育培训,双方一致
91510822MA66CWKU91,四川青益商贸有限公司,5292,互联网食品零售,False,非体育,0.0,0.0,134,否,,无任何体育信号,否,,无任何体育信号,否,,双方一致
91510504MAC14MKT6W,泸州冠凯体育文化发展有限公司,8911,体育竞赛组织,True,体育赛事,0.8736,0.95,135,是,体育赛事,直接代码+1个体育信号,是,体育赛事,直接代码+1个体育信号,是,体育赛事,双方一致
91513401MA7MJJ9X2T,四川大魔方体育文化传播有限公司,8930,健身休闲活动,True,健身休闲,0.2125,0.85,136,是,健身休闲,直接代码+1个体育信号,是,健身休闲,直接代码+1个体育信号,是,健身休闲,双方一致
91510104MABUEKWQ1M,成都本心秀体育文化发展有限公司,8930,健身休闲活动,True,健身休闲,0.2125,0.85,137,是,健身休闲,直接代码+1个体育信号,是,健身休闲,直接代码+1个体育信号,是,健身休闲,双方一致
92512022MA66R74Y3M,乐至县良安镇蓉华渔具经营店,5242,渔具零售,True,体育用品,0.8736,0.95,138,是,体育用品,直接代码+1个体育信号,是,体育用品,直接代码+1个体育信号,是,体育用品,双方一致
91510112MA6CNLQ66X,四川优胜达体育文化传播有限公司,8930,拓展训练,True,健身休闲,0.2125,0.85,139,是,,"直接体育代码,文本无明显体育描述",是,,"直接体育代码,文本无明显体育描述",是,,双方一致
91510108MABQ9JB1X8,爱极限成都体育文化传播有限公司,8392,体育课程培训,True,体育培训,0.2125,0.85,140,是,,"直接体育代码,文本无明显体育描述",是,,"直接体育代码,文本无明显体育描述",是,,双方一致
91510106MA6BU1653J,成都思凯瑞体育用品有限公司,7246,体育咨询,True,体育管理,0.6611,0.9,141,是,体育管理,非代码+1信号+短文本,是,体育管理,非代码+1个信号,是,体育管理,双方一致
91510107MA7MMY8L55,成都易生园科技有限公司,5292,互联网零售,False,非体育,0.0,0.0,142,否,,无任何体育信号,否,,无任何体育信号,否,,双方一致
91510112MA64QBH01A,成都康寿之家健康管理有限公司,5225,保健品零售,False,非体育,0.0,0.0,143,否,,无任何体育信号,否,,无任何体育信号,否,,双方一致
91510304MA65XCKM2N,四川燎原星火教育管理有限公司,5242,体育用品及器材零售,True,体育用品,0.8736,0.95,144,是,体育用品,直接代码+1个体育信号,是,体育用品,直接代码+1个体育信号,是,体育用品,双方一致
91510105MACY0D8L8A,成都朝依项商贸有限公司,5292,互联网零售,False,非体育,0.0,0.0,145,否,,无任何体育信号,否,,无任何体育信号,否,,双方一致
91513222MA62F1LX8M,理县毕棚沟半脊峰户外运动服务有限公司,8930,户外运动服务,True,健身休闲,0.8736,0.95,146,是,健身休闲,直接代码+1个体育信号,是,健身休闲,直接代码+1个体育信号,是,健身休闲,双方一致
91513401MA7HUAKT0U,西昌市星炫电竞俱乐部,8911,体育竞赛组织,True,体育赛事,0.8736,0.95,147,是,体育赛事,直接代码+1个体育信号,是,体育赛事,直接代码+1个体育信号,是,体育赛事,双方一致
91510108MAC962D32N,四川昌柏嘉远盛服装有限公司,5132,一般项目：服装服饰批发；服装服饰零售；服装辅料销售；服装、服饰检验、整理服务；服装服饰出租；鞋帽零售；鞋帽批发；特种劳动防护用品销售；劳动保护用品销售；互联网销售（除销售需要许可的商品）；日用品销售；会议及展览服务；组织文化艺术交流活动；针纺织品及原料销售；塑料制品销售；礼仪服务；针纺织品销售；体育用品及器材零售；办公用品销售；文具用品零售；广告设计、代理；平面设计；广告发布；日用百货销售；制鞋原辅材料销售；图文设计制作；企业形象策划；家居用品销售；文具用品批发；皮革制品销售；技术服务、技术开发、技术咨询、技术交流、技术转让、技术推广。（除依法须经批准的项目外，凭营业执照依法自主开展经营活动）,False,非体育,0.0472,0.0,148,否,,非代码+1弱信号+长文本,是,体育用品,非代码+1个信号,是,体育用品,仲裁(A=False/B=True):非代码+1个信号
91510108MA6CT2J62K,成都青天霹雳体育文化传播有限公司,8921,体育训练,True,体育场馆,0.2125,0.85,149,是,,"直接体育代码,文本无明显体育描述",是,,"直接体育代码,文本无明显体育描述",是,,双方一致
91510107MA674L2L86,成都捷芙斯文化传播有限公司,8930,健身休闲活动,True,健身休闲,0.2125,0.85,150,是,健身休闲,直接代码+1个体育信号,是,健身休闲,直接代码+1个体育信号,是,健身休闲,双方一致
91511303MAACHWKG47,四川桦崎世家商贸有限公司,5242,体育用品及器材零售,True,体育用品,0.8736,0.95,151,是,体育用品,直接代码+1个体育信号,是,体育用品,直接代码+1个体育信号,是,体育用品,双方一致
91510104790013761Q,成都市锦江区奇幻旅程网吧,9013,网吧电子竞技娱乐服务,True,电子竞技,0.6611,0.9,152,是,体育赛事,非代码+2个信号→跨界,是,体育赛事,非代码+2个信号→跨界,是,体育赛事,双方一致
91512022MA6B0MA36Q,乐至县潮玩健身俱乐部,8930,,True,健身休闲,0.2125,0.85,153,是,,"直接体育代码,文本无明显体育描述",是,,"直接体育代码,文本无明显体育描述",是,,双方一致
91510107MACBK1B35Q,成都云七号国际旅行社有限公司,7291,旅游业务,False,非体育,0.075,0.0,154,否,,间接代码但文本无体育信号,否,,间接代码但文本无体育信号,否,,双方一致
91510300MAD265C485,自贡鑫港广告有限公司,7259,广告制作设计服务,False,非体育,0.075,0.0,155,否,,间接代码但文本无体育信号,否,,间接代码但文本无体育信号,否,,双方一致
91511902MABRKMQB6R,巴中市卓域广告有限公司,7259,广告制作,False,非体育,0.075,0.0,156,否,,间接代码但文本无体育信号,否,,间接代码但文本无体育信号,否,,双方一致
91513401MA6CKQTT0P,西昌市绿谷有限责任公司,5242,体育用品零售,True,体育用品,0.8736,0.95,157,是,体育用品,直接代码+1个体育信号,是,体育用品,直接代码+1个体育信号,是,体育用品,双方一致
91510504MA6920EE0R,泸州市飞翔云端体育运动有限公司,8930,体育项目经营,True,健身休闲,0.2125,0.85,158,是,,"直接体育代码,文本无明显体育描述",是,,"直接体育代码,文本无明显体育描述",是,,双方一致
91510106792176679W,成都鸿图广告有限公司,7259,广告设计制作,False,非体育,0.075,0.0,159,否,,间接代码但文本无体育信号,否,,间接代码但文本无体育信号,否,,双方一致
91510106MAACNDMH6Q,成都常知尚乐健康管理有限公司,8930,健身服务,True,健身休闲,0.8736,0.95,160,是,健身休闲,直接代码+1个体育信号,是,健身休闲,直接代码+1个体育信号,是,健身休闲,双方一致
915101063215499934,成都七彩堂网吧,9013,网吧服务,False,非体育,0.0,0.0,161,否,,无任何体育信号,否,,无任何体育信号,否,,双方一致
91511600735879407H,四川省新闻国际旅行社有限公司,7291,旅行社及相关服务,False,非体育,0.075,0.0,162,否,,间接代码但文本无体育信号,否,,间接代码但文本无体育信号,否,,双方一致
92511304MAACJRC26L,南充市嘉陵区乐朋茶坊,8930,棋牌健身活动,True,健身休闲,0.2125,0.85,163,是,健身休闲,直接代码+1个体育信号,是,健身休闲,直接代码+1个体育信号,是,健身休闲,双方一致
91511324MA62YTLN6A,仪陇浩郅电子商务有限公司,5292,互联网零售,False,非体育,0.0,0.0,164,否,,无任何体育信号,否,,无任何体育信号,否,,双方一致
91510116MA7H21CW7C,成都市零即无限健身服务有限责任公司,8930,健身房健身活动,True,健身休闲,0.8736,0.95,165,是,健身休闲,直接代码+1个体育信号,是,健身休闲,直接代码+1个体育信号,是,健身休闲,双方一致
92510703MA6AMU3755,绵阳匠心体育用品有限公司,5242,体育用品零售,True,体育用品,0.8736,0.95,166,是,体育用品,直接代码+1个体育信号,是,体育用品,直接代码+1个体育信号,是,体育用品,双方一致
91511421MA67QEHP7Y,四川省威阳体育用品有限公司,5242,体育用品零售,True,体育用品,0.8736,0.95,167,是,体育用品,直接代码+1个体育信号,是,体育用品,直接代码+1个体育信号,是,体育用品,双方一致
91511703MA6B2CFJ2X,达州市达川区曼氪健身服务有限公司,8930,室内休闲健身服务,True,健身休闲,0.8736,0.95,168,是,健身休闲,直接代码+1个体育信号,是,健身休闲,直接代码+1个体育信号,是,健身休闲,双方一致
91511902MA7N3TB815,巴中市拉克利体育俱乐部有限公司,8911,体育竞赛组织,True,体育赛事,0.8736,0.95,169,是,体育赛事,直接代码+1个体育信号,是,体育赛事,直接代码+1个体育信号,是,体育赛事,双方一致
91510184MA61TD8H2B,成都饰祺建筑装饰工程有限公司,7259,广告制作服务,False,非体育,0.075,0.0,170,否,,间接代码但文本无体育信号,否,,间接代码但文本无体育信号,否,,双方一致
91510183MA644CC45M,成都育博小友体育文化有限公司,8911,组织策划运动赛事,True,体育管理,0.2125,0.85,171,是,体育赛事,直接代码+1个体育信号,是,体育赛事,直接代码+1个体育信号,是,体育赛事,双方一致
91511900MA6ARQM99H,中仪盈创（四川）工程项目管理有限公司,7481,工程管理服务,False,非体育,0.0,0.0,172,否,,无任何体育信号,否,,无任何体育信号,否,,双方一致
91510132MA7MW2NA8M,四川士达体育文化传播有限公司,8392,体育培训服务,True,体育培训,0.8736,0.95,173,是,体育培训,直接代码+1个体育信号,是,体育培训,直接代码+1个体育信号,是,体育培训,双方一致
91510183MA69UGGEXW,邛崃市睿博远体育文化传播有限公司,8392,体育活动,True,体育培训,0.2125,0.85,174,是,,"直接体育代码,文本无明显体育描述",是,,"直接体育代码,文本无明显体育描述",是,,双方一致
91510108MA64LYQ47A,文氏华承（成都）体育俱乐部有限公司,8392,体校及体育培训,True,体育培训,0.8736,0.95,175,是,体育培训,直接代码+1个体育信号,是,体育培训,直接代码+1个体育信号,是,体育培训,双方一致
91510704MABQPJXJ44,绵阳思迈健身有限责任公司,8930,健身休闲活动,True,健身休闲,0.2125,0.85,176,是,健身休闲,直接代码+1个体育信号,是,健身休闲,直接代码+1个体育信号,是,健身休闲,双方一致
91510402MA6212NR8X,攀枝花市启航体育发展有限公司,8911,体育竞赛组织,True,体育赛事,0.8736,0.95,177,是,体育赛事,直接代码+1个体育信号,是,体育赛事,直接代码+1个体育信号,是,体育赛事,双方一致
91511803MADGGEAL68,四川优亦优新材料科技有限责任公司,7320,工程和技术研究和试验发展,False,非体育,0.0,0.0,178,否,,无任何体育信号,否,,无任何体育信号,否,,双方一致
91511302MA632WYT27,南充金池源商贸有限公司,5225,保健食品零售,False,非体育,0.0,0.0,179,否,,无任何体育信号,否,,无任何体育信号,否,,双方一致
91511011085822336C,内江博众广告有限公司,7259,广告制作,False,非体育,0.075,0.0,180,否,,间接代码但文本无体育信号,否,,间接代码但文本无体育信号,否,,双方一致
91510107665327171W,成都黑锐文化传媒有限公司,7259,广告制作服务,False,非体育,0.075,0.0,181,否,,间接代码但文本无体育信号,否,,间接代码但文本无体育信号,否,,双方一致
91510781MABT4FN45X,绵阳禅悦音瑜伽健身有限公司,8930,健身服务,True,健身休闲,0.8736,0.95,182,是,健身休闲,直接代码+1个体育信号,是,健身休闲,直接代码+1个体育信号,是,健身休闲,双方一致
91510107MACK9EGY43,四川省奕乐连昇户外运动有限公司,8930,健身休闲活动,True,健身休闲,0.2125,0.85,183,是,健身休闲,直接代码+1个体育信号,是,健身休闲,直接代码+1个体育信号,是,健身休闲,双方一致
91510000582155319A,四川如鑫商贸有限公司,5242,体育用品及器材零售,True,体育用品,0.8736,0.95,184,是,体育用品,直接代码+1个体育信号,是,体育用品,直接代码+1个体育信号,是,体育用品,双方一致
91510100MA697QGY5T,环奥文体发展有限公司,8911,体育竞赛组织,True,体育赛事,0.8736,0.95,185,是,体育赛事,直接代码+1个体育信号,是,体育赛事,直接代码+1个体育信号,是,体育赛事,双方一致
91510104MACU3JTK22,成都游桃纪旅行社有限公司,7291,旅行社服务,False,非体育,0.075,0.0,186,否,,间接代码但文本无体育信号,否,,间接代码但文本无体育信号,否,,双方一致
91511302MA6B08F3XJ,南充市远睿星源商务户外拓展培训有限公司,8930,户外拓展服务,True,健身休闲,0.8736,0.95,187,是,,"直接体育代码,文本无明显体育描述",是,,"直接体育代码,文本无明显体育描述",是,,双方一致
91510108MA6901G00K,成都欣希项荣文化传播有限公司,8930,健身休闲活动,True,健身休闲,0.2125,0.85,188,是,健身休闲,直接代码+1个体育信号,是,健身休闲,直接代码+1个体育信号,是,健身休闲,双方一致
91510106MA6BX98L5W,成都市大千艺晖教育咨询服务有限责任公司,8321,小学教育培训,False,非体育,0.0,0.0,189,否,,无任何体育信号,否,,无任何体育信号,否,,双方一致
91510104MAE1MM919Y,四川中探坤宇体育发展有限公司,5142,体育用品,True,体育用品,0.8736,0.95,190,是,体育用品,直接代码+1个体育信号,是,体育用品,直接代码+1个体育信号,是,体育用品,双方一致
91510600MA6754QLXW,四川裕汇德科技有限公司,7320,电子产品研发,False,非体育,0.0,0.0,191,否,,无任何体育信号,否,,无任何体育信号,否,,双方一致
91511126MA66RFDJXC,夹江县剑英艺术培训有限公司,8392,跆拳道培训,True,体育培训,0.8736,0.95,192,是,健身休闲,直接代码+1个体育信号,是,健身休闲,直接代码+1个体育信号,是,健身休闲,双方一致
91510502MA6335L55H,泸州市红崖谷拓展训练有限公司,8930,室外健身活动,True,健身休闲,0.2125,0.85,193,是,健身休闲,直接代码+1个体育信号,是,健身休闲,直接代码+1个体育信号,是,健身休闲,双方一致
91513400MA655G0U9A,凉山州新然瑜伽健身服务有限公司,8930,健身休闲活动,True,健身休闲,0.2125,0.85,194,是,健身休闲,直接代码+1个体育信号,是,健身休闲,直接代码+1个体育信号,是,健身休闲,双方一致
91510184MA6CRW847E,成都联宝水族用品有限公司,5242,水族器材及用品零售,True,体育用品,0.2125,0.85,195,是,,"直接体育代码,文本无明显体育描述",是,,"直接体育代码,文本无明显体育描述",是,,双方一致
91511502060300937C,宜宾市意腾商贸有限公司,5242,麻将机零售,True,体育用品,0.2125,0.85,196,是,,"直接体育代码,文本无明显体育描述",是,,"直接体育代码,文本无明显体育描述",是,,双方一致
91510704MACF152R5U,绵阳鑫鸿达工程管理有限公司,7481,工程管理服务,False,非体育,0.0,0.0,197,否,,无任何体育信号,否,,无任何体育信号,否,,双方一致
91510311MA6B4TA7X0,自贡明瑞体育俱乐部有限公司,8911,体育竞赛组织赛事策划,True,体育赛事,0.8736,0.95,198,是,体育赛事,直接代码+3个体育信号,是,体育赛事,直接代码+3个体育信号,是,体育赛事,双方一致
91510104MA7KGUUQ0Q,成都艺亦宸艺术发展有限公司,8919,文艺创作,True,体育管理,0.2125,0.85,199,是,,"直接体育代码,文本无明显体育描述",是,,"直接体育代码,文本无明显体育描述",是,,双方一致
91510106MADB2AG27F,成都鸿志达体育文化推广有限公司,8911,体育赛事策划,True,体育赛事,0.8736,0.95,200,是,体育赛事,直接代码+2个体育信号,是,体育赛事,直接代码+2个体育信号,是,体育赛事,双方一致
91510106MA6C5P9H0X,成都众星恒宇体育场馆管理有限公司,8921,体育场管理服务,True,体育场馆,0.8736,0.95,201,是,体育场馆,直接代码+1个体育信号,是,体育场馆,直接代码+1个体育信号,是,体育场馆,双方一致
91510802MAACF3HH3L,广元市利州区贺家班体育培训中心有限公司,8912,体育文化推广,True,体育管理,0.8736,0.95,202,是,,"直接体育代码,文本无明显体育描述",是,,"直接体育代码,文本无明显体育描述",是,,双方一致
91513401MABNXYT566,凉山强誉工程咨询有限公司,7481,工程管理服务,False,非体育,0.0,0.0,203,否,,无任何体育信号,否,,无任何体育信号,否,,双方一致
91510108MA6431P77J,四川君安康爱尚健康科技有限公司,8930,健康咨询服务,True,健身休闲,0.2125,0.85,204,是,,"直接体育代码,文本无明显体育描述",是,,"直接体育代码,文本无明显体育描述",是,,双方一致
91510100MA6DFU9U61,成都蜀成宏昊贸易有限公司,5193,互联网百货批发,False,非体育,0.0,0.0,205,否,,无任何体育信号,否,,无任何体育信号,否,,双方一致
91510132MA69R96F99,成都市兴禾建筑装饰工程有限公司,5011,建筑装饰装修,False,非体育,0.0,0.0,206,否,,无任何体育信号,否,,无任何体育信号,否,,双方一致
91510122720398520K,成都双流长宏广告装饰有限公司,7259,制作广告装饰材料,False,非体育,0.075,0.0,207,否,,间接代码但文本无体育信号,否,,间接代码但文本无体育信号,否,,双方一致
9151182434572213XK,四川王岗坪旅游开发有限公司,8921,滑雪场经营服务,True,体育场馆,0.8736,0.95,208,是,健身休闲,直接代码+2个体育信号,是,健身休闲,直接代码+2个体育信号,是,健身休闲,双方一致
915100006899297596,汇雅装饰集团有限公司,5011,公共建筑装饰和装修,False,非体育,0.0,0.0,209,否,,无任何体育信号,否,,无任何体育信号,否,,双方一致
91510114MA69FQ9817,成都市动之源体育用品有限公司,5142,体育用品及器材批发,True,体育用品,0.8736,0.95,210,是,体育用品,直接代码+1个体育信号,是,体育用品,直接代码+1个体育信号,是,体育用品,双方一致
91510121350619225D,成都洪盟天广告有限公司,7259,广告制作,False,非体育,0.075,0.0,211,否,,间接代码但文本无体育信号,否,,间接代码但文本无体育信号,否,,双方一致
91511132MAACGK1R5A,峨边力美健身服务有限公司,8930,健身休闲活动,True,健身休闲,0.2125,0.85,212,是,健身休闲,直接代码+1个体育信号,是,健身休闲,直接代码+1个体育信号,是,健身休闲,双方一致
915101083215977765,四川金康利体育用品有限公司,5142,体育用品批发,True,体育用品,0.8736,0.95,213,是,体育用品,直接代码+1个体育信号,是,体育用品,直接代码+1个体育信号,是,体育用品,双方一致
91511502MA62ADTX43,宜宾市万杰文体用品有限公司,5242,体育用品零售,True,体育用品,0.8736,0.95,214,是,体育用品,直接代码+1个体育信号,是,体育用品,直接代码+1个体育信号,是,体育用品,双方一致
91510115MACFKEY300,四川爱趣学体育发展有限公司,8392,青少年体育培训,True,体育培训,0.8736,0.95,215,是,体育培训,直接代码+2个体育信号,是,体育培训,直接代码+2个体育信号,是,体育培训,双方一致
91512021MACUDKY83C,四川宝森柠洲国际贸易有限公司,5181,贸易代理,False,非体育,0.0,0.0,216,否,,无任何体育信号,否,,无任何体育信号,否,,双方一致
91510105395912601W,四川省宽窄空间建筑装饰工程有限公司,5011,公共建筑装饰装修,False,非体育,0.0,0.0,217,否,,无任何体育信号,否,,无任何体育信号,否,,双方一致
91510107MA69URK94A,成都领跑者体育文化传播有限公司,8392,体育培训服务,True,体育培训,0.8736,0.95,218,是,体育培训,直接代码+1个体育信号,是,体育培训,直接代码+1个体育信号,是,体育培训,双方一致
91510132MA62N44K58,四川省今控环保科技有限公司,7320,工程和技术研究和实验发展,False,非体育,0.0,0.0,219,否,,无任何体育信号,否,,无任何体育信号,否,,双方一致
91510100MA6C6R4W2J,四川世纪蓝图教学设备有限公司,5142,体育用品批发,True,体育用品,0.8736,0.95,220,是,体育用品,直接代码+1个体育信号,是,体育用品,直接代码+1个体育信号,是,体育用品,双方一致
91510781323338663T,江油市伯菲健身服务有限公司,8930,健身服务,True,健身休闲,0.8736,0.95,221,是,健身休闲,直接代码+1个体育信号,是,健身休闲,直接代码+1个体育信号,是,健身休闲,双方一致
91510100MAD1NBKB42,成都桦润文化传媒有限公司,9052,组织体育表演活动,True,体育赛事,0.6611,0.9,222,是,体育赛事,非代码+1信号+短文本,是,体育赛事,非代码+1个信号,是,体育赛事,双方一致
92510922MA66UJUL1C,四川韩亿科技有限公司,6429,网络技术服务,False,非体育,0.0,0.0,223,否,,无任何体育信号,否,,无任何体育信号,否,,双方一致
91513432MA62WQGA93,喜德高搜易康瑞永盛旅游合伙企业有限合伙,7291,旅行社及相关服务,False,非体育,0.075,0.0,224,否,,间接代码但文本无体育信号,否,,间接代码但文本无体育信号,否,,双方一致
91511923MA62D0BD72,平昌县新东方机动车驾驶培训有限公司,8391,职业技能培训,False,非体育,0.075,0.0,225,否,,间接代码但文本无体育信号,否,,间接代码但文本无体育信号,否,,双方一致
91513232MA64EA89XU,若尔盖宜博电竞馆,9013,电子竞技服务,True,电子竞技,0.6611,0.9,226,是,体育赛事,非代码+2个信号→跨界,是,体育赛事,非代码+2个信号→跨界,是,体育赛事,双方一致
91511902MACM5Q584R,巴中利勇工程机械租赁有限公司,7481,工程管理服务,False,非体育,0.0,0.0,227,否,,无任何体育信号,否,,无任何体育信号,否,,双方一致
91510112MAACMLQB9D,成都玖舞即现文化传播有限责任公司,8930,健身休闲服务,True,健身休闲,0.2125,0.85,228,是,健身休闲,直接代码+1个体育信号,是,健身休闲,直接代码+1个体育信号,是,健身休闲,双方一致
91510106MACKBCQ132,四川亿众祥驰商业管理有限公司,7222,商业综合体管理服务,False,非体育,0.0,0.0,229,否,,无任何体育信号,否,,无任何体育信号,否,,双方一致
91510700MA6243L2XW,绵阳辉鹰广告有限公司,7259,广告设计制作,False,非体育,0.075,0.0,230,否,,间接代码但文本无体育信号,否,,间接代码但文本无体育信号,否,,双方一致
91510104MA6CL9XN69,成都锄头体育文化传播有限公司,8921,体育场馆租用,True,体育场馆,0.8736,0.95,231,是,体育场馆,直接代码+2个体育信号,是,体育场馆,直接代码+2个体育信号,是,体育场馆,双方一致
91511825MA66EMTL6W,天全县金辰体育发展有限公司,5242,体育器材零售,True,体育用品,0.8736,0.95,232,是,体育用品,直接代码+1个体育信号,是,体育用品,直接代码+1个体育信号,是,体育用品,双方一致
91510104MA64539G5A,四川九品兴工程项目管理咨询有限公司,7481,工程管理,False,非体育,0.0,0.0,233,否,,无任何体育信号,否,,无任何体育信号,否,,双方一致
91512002MA6B5RK73B,资阳市时代劲享体育文化发展有限公司,8911,体育竞赛组织,True,体育赛事,0.8736,0.95,234,是,体育赛事,直接代码+1个体育信号,是,体育赛事,直接代码+1个体育信号,是,体育赛事,双方一致
91511603MA68R6JE4T,四川祥和巷子电子商务有限公司,5292,互联网零售,False,非体育,0.0,0.0,235,否,,无任何体育信号,否,,无任何体育信号,否,,双方一致
91510106MAC11DU36R,成都市慷源朱古力体育文化传播有限公司,9052,组织体育表演活动,True,体育赛事,0.6611,0.9,236,是,体育赛事,非代码+1信号+短文本,是,体育赛事,非代码+1个信号,是,体育赛事,双方一致
91510105MA69W3930T,成都熊闷墩文化传播有限公司,8730,电影摄制服务,False,非体育,0.0,0.0,237,否,,无任何体育信号,否,,无任何体育信号,否,,双方一致
91511402MADHHDPF6W,四川橙香遇电子商务有限公司,5292,互联网零售,False,非体育,0.0,0.0,238,否,,无任何体育信号,否,,无任何体育信号,否,,双方一致
91510116MA65TG5C4U,中科芯创智能科技成都有限公司,7320,工程和技术研究和试验发展,False,非体育,0.0,0.0,239,否,,无任何体育信号,否,,无任何体育信号,否,,双方一致
91510504MA652P415Y,泸州市跃动体育文化传播有限公司,8911,体育竞赛组织,True,体育赛事,0.8736,0.95,240,是,体育赛事,直接代码+1个体育信号,是,体育赛事,直接代码+1个体育信号,是,体育赛事,双方一致
91510100MA68HNHA0Q,成都京尚众邦科技有限公司,6513,人工智能应用软件开发,False,非体育,0.075,0.0,241,否,,间接代码但文本无体育信号,否,,间接代码但文本无体育信号,否,,双方一致
91510502MA68KADM44,泸州市江阳区莱曼体育健身服务有限公司,8930,健身服务,True,健身休闲,0.8736,0.95,242,是,健身休闲,直接代码+1个体育信号,是,健身休闲,直接代码+1个体育信号,是,健身休闲,双方一致
91512021MAD3MN807F,四川骄乐知服饰有限公司,1821,运动休闲针织服装制造,True,体育用品,0.2125,0.85,243,是,,"直接体育代码,文本无明显体育描述",是,,"直接体育代码,文本无明显体育描述",是,,双方一致
91510106MA680TXP96,成都中胤装饰工程有限公司,8911,组织文化艺术交流活动,True,体育管理,0.2125,0.85,244,是,,"直接体育代码,文本无明显体育描述",是,,"直接体育代码,文本无明显体育描述",是,,双方一致
91510113MACB4HTQ4M,成都兴诚澳力健身有限公司,8930,健身休闲活动,True,健身休闲,0.2125,0.85,245,是,健身休闲,直接代码+1个体育信号,是,健身休闲,直接代码+1个体育信号,是,健身休闲,双方一致
915101080928268617,四川笑脸宝贝体育文化传播有限公司,8911,体育活动策划,True,体育管理,0.2125,0.85,246,是,,"直接体育代码,文本无明显体育描述",是,,"直接体育代码,文本无明显体育描述",是,,双方一致
915101055920791967,成都康森文化体育用品有限公司,5142,体育用品批发,True,体育用品,0.8736,0.95,247,是,体育用品,直接代码+1个体育信号,是,体育用品,直接代码+1个体育信号,是,体育用品,双方一致
91510104MA6CL8YX1F,成都云端西行户外运动有限公司,8930,户外活动组织策划,True,健身休闲,0.2125,0.85,248,是,,"直接体育代码,文本无明显体育描述",是,,"直接体育代码,文本无明显体育描述",是,,双方一致
91511802MA64FGF374,雅安新奥体育发展有限公司,8911,体育竞赛组织,True,体育赛事,0.8736,0.95,249,是,体育赛事,直接代码+1个体育信号,是,体育赛事,直接代码+1个体育信号,是,体育赛事,双方一致
91510903MA676N7F7P,遂宁方圆弈智围棋俱乐部有限责任公司,8911,体育项目组织服务,True,体育管理,0.2125,0.85,250,是,,"直接体育代码,文本无明显体育描述",是,,"直接体育代码,文本无明显体育描述",是,,双方一致
91510100MA63KDLN7D,成都魔方体育文化发展有限公司,8930,健身休闲服务,True,健身休闲,0.2125,0.85,251,是,健身休闲,直接代码+1个体育信号,是,健身休闲,直接代码+1个体育信号,是,健身休闲,双方一致
91511421MA66B10R7B,四川里德体育服务有限公司,8919,体育类社会服务,True,体育管理,0.2125,0.85,252,是,,"直接体育代码,文本无明显体育描述",是,,"直接体育代码,文本无明显体育描述",是,,双方一致
915101813320797476,都江堰星未来拓展活动有限公司,8930,拓展活动服务,True,健身休闲,0.2125,0.85,253,是,,"直接体育代码,文本无明显体育描述",是,,"直接体育代码,文本无明显体育描述",是,,双方一致
91510900MACKAFMW4G,四川爱伽瑜文化传播有限责任公司,8930,体育健身服务,True,健身休闲,0.8736,0.95,254,是,健身休闲,直接代码+1个体育信号,是,健身休闲,直接代码+1个体育信号,是,健身休闲,双方一致
91511303MA672J2G08,南充柏娅创美广告传媒有限公司,7259,体育广告服务,True,体育传媒,0.7361,0.9,255,是,体育传媒,间接代码+1个体育信号,是,体育传媒,间接代码+1个体育信号,是,体育传媒,双方一致
91510603MA67FLQE3J,四川晴阳防水工程有限公司,7482,公路工程监理,False,非体育,0.0,0.0,256,否,,无任何体育信号,否,,无任何体育信号,否,,双方一致
91510108357997851Y,成都思锐基业商贸有限公司,5242,塑胶跑道零售,True,体育用品,0.8736,0.95,257,是,体育用品,直接代码+1个体育信号,是,体育用品,直接代码+1个体育信号,是,体育用品,双方一致
91510114MA6B5LDEXM,四川龙振精武健身服务有限公司,8392,武术教育,True,健身休闲,0.8736,0.95,258,是,,"直接体育代码,文本无明显体育描述",是,,"直接体育代码,文本无明显体育描述",是,,双方一致
91510181MA6AHPB83L,成都减加健身有限公司,8930,健身休闲活动服务,True,健身休闲,0.2125,0.85,259,是,健身休闲,直接代码+1个体育信号,是,健身休闲,直接代码+1个体育信号,是,健身休闲,双方一致
91510100MA69UHQQ47,四川天府力龙体育文化传播有限公司,8392,网球培训,True,体育培训,0.8736,0.95,260,是,体育培训,直接代码+1个体育信号,是,体育培训,直接代码+1个体育信号,是,体育培训,双方一致
91510922MA624QMC01,射洪市鹏语广告有限公司,7259,广告设计制作,False,非体育,0.075,0.0,261,否,,间接代码但文本无体育信号,否,,间接代码但文本无体育信号,否,,双方一致
91510108MA61YRUN7F,成都翌航文化传媒有限公司,8992,户外拓展服务,True,健身休闲,0.6611,0.9,262,否,,无任何体育信号,否,,无任何体育信号,否,,双方一致
91510402MA66D80M69,四川麦罗瑞兰工程咨询有限公司,7481,工程造价咨询,False,非体育,0.0,0.0,263,否,,无任何体育信号,否,,无任何体育信号,否,,双方一致
91510122MA62LMYE5J,四川赛匡体育科技有限公司,5242,体育器材零售,True,体育用品,0.8736,0.95,264,是,体育用品,直接代码+1个体育信号,是,体育用品,直接代码+1个体育信号,是,体育用品,双方一致
91510106MA7HHRRA5F,榕辰体育俱乐部（成都）有限公司,8911,篮球体育服务,True,体育用品,0.8847,0.95,265,是,体育管理,直接代码+1个体育信号,是,体育管理,直接代码+1个体育信号,是,体育管理,双方一致
91510107MA69XNU18M,四川墨唐子体育用品有限公司,5142,体育用品及器材批发,True,体育用品,0.8736,0.95,266,是,体育用品,直接代码+1个体育信号,是,体育用品,直接代码+1个体育信号,是,体育用品,双方一致
91510504MA66B8FK4Q,泸州篮盟体育文化传播有限公司,8911,组织篮球比赛,True,体育管理,0.2125,0.85,267,是,,"直接体育代码,文本无明显体育描述",是,,"直接体育代码,文本无明显体育描述",是,,双方一致
91510132MA6ATP556F,四川成都影子传说文化传媒有限公司,7259,广告制作,False,非体育,0.075,0.0,268,否,,间接代码但文本无体育信号,否,,间接代码但文本无体育信号,否,,双方一致
91511528309469843G,兴文县西部民族文化服务有限公司,1821,针织或钩针编织服装制造,True,体育用品,0.2125,0.85,269,是,,"直接体育代码,文本无明显体育描述",是,,"直接体育代码,文本无明显体育描述",是,,双方一致
91510502337760419P,泸州童趣拓展活动有限公司,8930,户外活动,True,健身休闲,0.2125,0.85,270,是,,"直接体育代码,文本无明显体育描述",是,,"直接体育代码,文本无明显体育描述",是,,双方一致
91513401MA62H04M8P,西昌市嘉桦工程管理有限公司,7481,工程管理服务,False,非体育,0.0,0.0,271,否,,无任何体育信号,否,,无任何体育信号,否,,双方一致
91510115MA6BJ10M4F,四川川体金川体育发展有限公司,8911,体育竞赛组织,True,体育赛事,0.8736,0.95,272,是,体育赛事,直接代码+1个体育信号,是,体育赛事,直接代码+1个体育信号,是,体育赛事,双方一致
91510502MAEB7XB942,泸州一束光健身有限公司,8930,健身休闲活动,True,健身休闲,0.2125,0.85,273,是,健身休闲,直接代码+1个体育信号,是,健身休闲,直接代码+1个体育信号,是,健身休闲,双方一致
91510304MABT2ME03W,四川泰巍体育文化发展有限公司,8911,体育竞赛组织,True,体育赛事,0.8736,0.95,274,是,体育赛事,直接代码+1个体育信号,是,体育赛事,直接代码+1个体育信号,是,体育赛事,双方一致
91510921MA7DYY0H9K,蓬溪县荣耀龙跃体育俱乐部馆,8911,体育竟赛组织,True,体育管理,0.2125,0.85,275,是,,"直接体育代码,文本无明显体育描述",是,,"直接体育代码,文本无明显体育描述",是,,双方一致
91513401MA63TKQU4L,西昌市月玛西亚体育服务有限责任公司,5292,互联网体育服装零售,True,体育用品,0.6611,0.9,276,否,,无任何体育信号,否,,无任何体育信号,否,,双方一致
91510100MA61UN8M6Y,四川一本道馆文化传播有限公司,8392,跆拳道培训,True,体育培训,0.8736,0.95,277,是,健身休闲,直接代码+1个体育信号,是,健身休闲,直接代码+1个体育信号,是,健身休闲,双方一致
91510700MABYD9P373,四川悦己瑜伽健身有限公司,8930,瑜伽服务,True,健身休闲,0.8736,0.95,278,是,健身休闲,直接代码+1个体育信号,是,健身休闲,直接代码+1个体育信号,是,健身休闲,双方一致
91511781MA67X6UD8R,万源市绿香村商贸有限公司,5142,体育用品及器材批发,True,体育用品,0.8736,0.95,279,是,体育用品,直接代码+1个体育信号,是,体育用品,直接代码+1个体育信号,是,体育用品,双方一致
91510107MA66T25F12,成都市九津体育发展有限公司,8919,户外运动组织策划,True,健身休闲,0.8736,0.95,280,是,健身休闲,直接代码+1个体育信号,是,健身休闲,直接代码+1个体育信号,是,健身休闲,双方一致
91510106MAACNM9N7N,成都诚心达有缘科技有限责任公司,7251,互联网广告设计制作服务,False,非体育,0.075,0.0,281,否,,间接代码但文本无体育信号,否,,间接代码但文本无体育信号,否,,双方一致
91511302MACTKD0D6K,南充市沃野千峰户外拓展有限公司,8930,健身运动休闲娱乐,True,健身休闲,0.2125,0.85,282,是,健身休闲,直接代码+1个体育信号,是,健身休闲,直接代码+1个体育信号,是,健身休闲,双方一致
91510108MACJJYBR3K,成都绪谨戈电子商务中心,5292,一般项目：互联网销售（除销售需要许可的商品）；玩具销售；日用品销售；新鲜水果零售；水产品零售；个人卫生用品销售；服装服饰零售；日用百货销售；化妆品零售；文具用品零售；厨具卫具及日用杂品批发；母婴用品销售。（除依法须经批准的项目外，凭营业执照依法自主开展经营活动）许可项目：出版物零售；出版物互联网销售。（依法须经批准的项目，经相关部门批准后方可开展经营活动，具体经营项目以相关部门批准文件或许可证件为准）,False,非体育,0.0,0.0,283,否,,无任何体育信号,否,,无任何体育信号,否,,双方一致
91512002MA65ETJ09E,资阳小虎体育咨询有限公司,7246,体育经纪服务,True,体育传媒,0.6611,0.9,284,是,体育传媒,非代码+1信号+短文本,是,体育传媒,非代码+1个信号,是,体育传媒,双方一致
91510682MAC1UCEK9P,什邡市久号委托寄卖有限公司,5189,仓库代租代销,False,非体育,0.0,0.0,285,否,,无任何体育信号,否,,无任何体育信号,否,,双方一致
91510106MACK0DQD4K,成都匡赐崆户外用品经营部,5242,户外用品零售,True,体育用品,0.2125,0.85,286,是,,"直接体育代码,文本无明显体育描述",是,,"直接体育代码,文本无明显体育描述",是,,双方一致
91511724MA648NAB19,大竹县陈伟保健按摩店,8053,按摩服务,False,非体育,0.0,0.0,287,否,,无任何体育信号,否,,无任何体育信号,否,,双方一致
91510184MA6C7JK30J,成都正复体育设施有限公司,5142,体育器材批发,True,体育用品,0.8736,0.95,288,是,体育用品,直接代码+1个体育信号,是,体育用品,直接代码+1个体育信号,是,体育用品,双方一致
91512002MA6AGDX932,四川鑫阳机械设备租赁有限公司,8930,健身休闲活动,True,健身休闲,0.2125,0.85,289,是,健身休闲,直接代码+1个体育信号,是,健身休闲,直接代码+1个体育信号,是,健身休闲,双方一致
91511500MADN3UBG05,宜宾星地魔方健身有限责任公司,8930,休闲健身服务,True,健身休闲,0.8736,0.95,290,是,健身休闲,直接代码+1个体育信号,是,健身休闲,直接代码+1个体育信号,是,健身休闲,双方一致
91510122MA61WNT43X,成都市双流区北斗星网吧,9013,互联网服务,False,非体育,0.0,0.0,291,否,,无任何体育信号,否,,无任何体育信号,否,,双方一致
91513227MA62F26EX7,小金县流浪迹户外运动有限责任公司,8919,户外运动的组织与服务,True,健身休闲,0.8736,0.95,292,是,健身休闲,直接代码+1个体育信号,是,健身休闲,直接代码+1个体育信号,是,健身休闲,双方一致
91510321MA68PFAX6T,自贡博越电子商务有限公司,5292,互联网零售,False,非体育,0.0,0.0,293,否,,无任何体育信号,否,,无任何体育信号,否,,双方一致
91510100MAC79DJ19L,成都飞跃达优体育文化发展有限公司,8930,儿童体能训练服务,True,体育培训,0.8736,0.95,294,是,健身休闲,直接代码+1个体育信号,是,健身休闲,直接代码+1个体育信号,是,健身休闲,双方一致
91510108MA67EC9G16,成都肥肥贸易有限公司,5225,保健食品零售,False,非体育,0.0,0.0,295,否,,无任何体育信号,否,,无任何体育信号,否,,双方一致
91510700MA7M0T6909,四川前沿体育发展有限公司,8921,体育场地设施经营,True,体育场馆,0.8736,0.95,296,是,体育场馆,直接代码+2个体育信号,是,体育场馆,直接代码+2个体育信号,是,体育场馆,双方一致
91510122MA6CDU1C6X,成都来美健身有限公司,8930,健身服务,True,健身休闲,0.8736,0.95,297,是,健身休闲,直接代码+1个体育信号,是,健身休闲,直接代码+1个体育信号,是,健身休闲,双方一致
91510116MA65RT9H5B,四川力享健康管理有限公司,8930,健身休闲服务,True,健身休闲,0.2125,0.85,298,是,健身休闲,直接代码+1个体育信号,是,健身休闲,直接代码+1个体育信号,是,健身休闲,双方一致
91510100MAACJ3B16H,四川奥星城体育文化传播有限公司,8921,体育场馆经营管理,True,体育场馆,0.8736,0.95,299,是,体育场馆,直接代码+2个体育信号,是,体育场馆,直接代码+2个体育信号,是,体育场馆,双方一致
91510113690948674M,成都君仁酒业有限公司,5126,营养和保健品批发,False,非体育,0.0,0.0,300,否,,无任何体育信号,否,,无任何体育信号,否,,双方一致
