location,style,claim_text,numeric_tokens,risk_tags,evidence_grade,decision,replacement
paragraph:4,Normal,"方案底层采用业务线解析方法（BLP）将企业级自由文本拆分为独立业务线，中层通过关键词加权模型（BKW）与体育自定义词典完成业务线识别，上层基于业务范围占比、关键词密度、行业代码权重、业态覆盖度四个维度加权计算体育业务经营比重。基于四川省76,687（样本数据来源于合作单位提供的脱敏企业登记信息）家工商企业全样本开展实证验证，设置四组基线对比实验与四维度综合评估。","76,687",,A/B,keep,与2026-08-01正式复算快照一致。
paragraph:5,Normal,实证结果表明：融合识别法较传统行业代码法将体育企业识别覆盖率从10.45%提升至11.67%，净增识别934家有效体育企业，整体识别规模提升11.7%；其中跨界经营企业达977家（纯跨界951家，潜在跨界26家），电子竞技、体育传媒等新兴业态识别率进展90%，有效弥补了国标分类的盲区。基于产出指数法匡算，可纠正约6亿元产业规模低估。空间分布呈“成都一家独大”格局，CR3集中度达77.3%。,10.45%;11.67%;934;11.7%;977;951;26;90%;6;77.3%,economic_benefit;concentration;output_value,D,rewrite_as_scope,系统具备减少重复统计作业的潜力，实际经济效益需结合部署范围、人员工时和成本台账另行评估。
paragraph:6,Normal,"该方案支持零标注冷启动，单台服务器文本处理速率约6,300条/秒，折算日处理能力约7万家企业，识别过程全可解释、可追溯。配套开发全栈Web可视化平台，支持交互式数据下钻与报告自动生成，可直接服务统计部门工作。整套方法论可迁移至文化创意、数字经济、绿色环保等其他跨界新兴产业统计场景。","6,300;7",performance,D,remove,当前材料未提供可复核的压力测试原始记录，因此不报告平台性能数值。
paragraph:10,Heading 2,1.1 选题背景,1.1,,D,recalculate,仅在与正式复算快照或经核验的权威来源一致时保留。
paragraph:11,Normal,体育产业精准统计作为推动经济高质量发展的重要增长点、满足人民美好生活需要的重要载体，其产业规模的精准统计是国家制定产业政策、优化资源配置的核心基础。《健康中国2030规划纲要》和《体育强国建设纲要》均明确提出要加快体育产业发展，完善体育产业统计体系。,2030,output_value,D,recalculate,仅在与正式复算快照或经核验的权威来源一致时保留。
paragraph:12,Normal,然而，当前体育产业统计面临深层次的方法论困境：现行GB/T 4754-2017《国民经济行业分类》标准仅依托行业代码判定法识别产业归属，在多元经营日益普及的背景下，大量传统企业跨界布局体育赛事、健身休闲、电子竞技等新兴业务，这些新业务无法被行业代码所反映[1]。,4754;2017;1,,D,recalculate,仅在与正式复算快照或经核验的权威来源一致时保留。
paragraph:14,Normal,"其一，识别覆盖不全：实证数据显示，在76,687家企业样本中，采用传统行业代码法仅能识别8,016家体育企业（10.45%），至少934家实际从事体育业务的企业被遗漏（若计入潜在跨界经营企业则达977家）；","76,687;8,016;10.45%;934;977",,A/B,keep,与2026-08-01正式复算快照一致。
paragraph:16,Normal,其三，新兴业态盲区：电子竞技和体育传媒的跨界率分别高达91%和94%，在现行分类体系中缺乏对应代码，几乎较为“隐形”于统计视野之外。（跨界率定义：某业态中行业代码不直接属于体育产业、但实际经营体育业务的企业占该业态总企业数的比例，计算公式为：）,91%;94%,,D,recalculate,仅在与正式复算快照或经核验的权威来源一致时保留。
paragraph:18,Heading 2,1.2 国内外研究现状,1.2,,D,recalculate,仅在与正式复算快照或经核验的权威来源一致时保留。
paragraph:19,Heading 3,1.2.1 产业统计方法研究,1.2;1,,D,recalculate,仅在与正式复算快照或经核验的权威来源一致时保留。
paragraph:20,Normal,传统的产业统计方法主要依赖国民经济行业分类代码进行产业归属判定。该方法起源于20世纪中叶的标准化统计需求，在单一经营时代具有高效、标准化的优势。Porter（1990）在《国家竞争优势》中系统论述了产业集聚与竞争优势的分析框架，其基于标准行业分类数据的产业集群分析方法至今仍被广泛采用。,20;1990,,D,recalculate,仅在与正式复算快照或经核验的权威来源一致时保留。
paragraph:21,Normal,Bresnahan和Gambardella（2004）进一步指出，在产业边界清晰时，基于行业代码的分类方法能够较好地反映产业结构的现实。然而，随着产业融合和跨界经营的兴起，其局限性日益凸显。,2004,,D,recalculate,仅在与正式复算快照或经核验的权威来源一致时保留。
paragraph:22,Normal,在国内体育产业统计领域，林显鹏（2000a）较早地对建立我国体育产业统计指标体系进行了系统研究，提出了包含总量指标和结构指标的体育产业统计框架，并比较分析了澳大利亚、美国、加拿大等国的体育产业统计方法，为我国体育产业统计奠定了方法论基础[12]。林显鹏（2000b）进一步指出，西方发达国家普遍采用“总量指标+结构指标”的复合统计框架，但同样面临体育产业边界界定和新兴业态统计归属的挑战[13]。,2000;12;2000;13,,D,recalculate,仅在与正式复算快照或经核验的权威来源一致时保留。
paragraph:23,Normal,国家统计局（2018）发布的《战略性新兴产业分类（2018）》采用“行业代码+产品/服务”的复合分类方式，体现了对新兴产业统计分类方法的创新探索。文化产业等新兴领域的统计实践同样表明，传统行业代码分类方法在识别跨界经营企业方面存在明显不足，亟需引入文本分析等新技术手段加以改进。,2018;2018,,D,recalculate,仅在与正式复算快照或经核验的权威来源一致时保留。
paragraph:24,Heading 3,1.2.2 NLP在产业识别中的应用,1.2;2,,D,recalculate,仅在与正式复算快照或经核验的权威来源一致时保留。
paragraph:25,Normal,近年来，自然语言处理（NLP）技术在产业识别领域展现出强大潜力。Gentzkow等（2019）在Journal of Economic Literature发表的经典论文系统阐述了“文本即数据（Text as Data）”的方法论框架，利用文本分析方法从企业年报中提取产业特征，发现文本分析方法能够从非结构化的企业披露信息中提取出传统分类法难以捕捉的产业特征信号，为经济学和管理学的文本分析研究奠定了方法基础。,2019,,D,recalculate,仅在与正式复算快照或经核验的权威来源一致时保留。
paragraph:26,Normal,在基于文本的行业分类技术方面，Tagarev等（2019）系统比较了深度学习和经典向量空间模型在企业行业分类任务上的表现，验证了机器学习方法在产业识别中的有效性；Jagrič和Herman（2024）基于BERT预训练模型对企业业务描述文本进行多类别行业分类，在13个行业类别上取得了88.23%的整体精确率和0.88的F1分数，证明了预训练语言模型在企业业务文本分类中的实用价值；Borchert等（2024）提出了面向商业领域的预训练语言模型BusinessBERT，将行业分类作为额外的预训练目标，在商业文本分类基准测试上取得了3.90%的显著提升。,2019;2024;13;88.23%;0.88;2024;3.90%,evaluation,D,remove,当前工作区未提供逐条人工金标准、预测分数或标注者记录，不报告准确率、AUC、Kappa、Pearson相关系数等指标。
paragraph:27,Normal,在中文文本处理领域，Sun等（2019）在CCL会议上系统研究了BERT在文本分类任务中的微调方法，为预训练语言模型在中文领域文本分类中的应用提供了重要参考。,2019,,D,recalculate,仅在与正式复算快照或经核验的权威来源一致时保留。
paragraph:29,Heading 3,1.2.3 体育产业统计的特殊挑战,1.2;3,,D,recalculate,仅在与正式复算快照或经核验的权威来源一致时保留。
paragraph:30,Normal,体育产业具有业态多样、跨界频繁、新兴业态不断涌现的独特特点。林显鹏（2000a）在对国内外体育产业统计体系的比较研究中指出，体育产业与旅游、文化、教育、健康等相关产业的边界日益模糊，传统行业分类标准难以完整覆盖体育产业的实际业态范围[12]。,2000;12,,D,recalculate,仅在与正式复算快照或经核验的权威来源一致时保留。
paragraph:37,Heading 3,1.2.4 现有研究不足,1.2;4,,D,recalculate,仅在与正式复算快照或经核验的权威来源一致时保留。
paragraph:39,Normal,（1）数据层面：缺乏大规模真实数据的全样本验证与冷启动方案。,1,,D,recalculate,仅在与正式复算快照或经核验的权威来源一致时保留。
paragraph:42,Normal,（2）模型层面：行业代码结构性约束与NLP语义分析的系统融合机制缺失。,2,,D,recalculate,仅在与正式复算快照或经核验的权威来源一致时保留。
paragraph:45,Normal,（3）应用层面：从学术研究到统计实践的“全流程闭环”尚未打通。,3,,D,recalculate,仅在与正式复算快照或经核验的权威来源一致时保留。
paragraph:49,Normal,图1-1 系统性研究链路图（数据来源：本研究整理）,1;1,,D,recalculate,仅在与正式复算快照或经核验的权威来源一致时保留。
paragraph:50,Normal,综上，现有研究在数据、模型、应用三个层面均存在系统性不足，亟需新的技术方案进行探索。本文的创新点将在1.4节专门阐述。,1.4,,D,recalculate,仅在与正式复算快照或经核验的权威来源一致时保留。
paragraph:51,Heading 2,1.3 研究目标与意义,1.3,,D,recalculate,仅在与正式复算快照或经核验的权威来源一致时保留。
paragraph:53,Normal,（1）方法层——构建能够精准识别多元经营企业体育业务类型与边界的NLP分析模型，改进传统行业代码法在跨界识别和业务量化方面的双重局限；,1,,D,recalculate,仅在与正式复算快照或经核验的权威来源一致时保留。
paragraph:54,Normal,（2）数据层——设计适用于缺乏营收数据场景的体育业务比重测算方法，实现零财务数据条件下的产业规模连续值估算；,2,output_value,D,recalculate,仅在与正式复算快照或经核验的权威来源一致时保留。
paragraph:55,Normal,（3）应用层——基于大规模实证分析，提出面向统计实践的体系化优化方案与可落地的政策建议。,3,,D,recalculate,仅在与正式复算快照或经核验的权威来源一致时保留。
paragraph:57,Normal,（1）创新性地将NLP文本分析技术系统性地引入体育产业统计领域，提出“文本+代码”双通道融合识别的理论框架，改进了传统产业统计方法单一依赖行业代码的范式局限；,1,,D,recalculate,仅在与正式复算快照或经核验的权威来源一致时保留。
paragraph:58,Normal,（2）揭示了新兴业态跨界率的行业差异规律（成熟业态<10% vs 新兴业态>90%），为产业分类标准的动态更新提供了实证依据；,2;10%;90%,,D,recalculate,仅在与正式复算快照或经核验的权威来源一致时保留。
paragraph:59,Normal,（3）构建了从“企业级”到“业务线级”的识别粒度跃升路径，丰富了新兴产业统计监测的方法论体系。,3,,D,recalculate,仅在与正式复算快照或经核验的权威来源一致时保留。
paragraph:61,Normal,"（1）为地方体育管理部门和统计部门提供了经过76,687家企业全样本数据验证的、可立即部署的技术方案和决策支撑；","1;76,687",,D,recalculate,仅在与正式复算快照或经核验的权威来源一致时保留。
paragraph:62,Normal,（2）提出的“三层融合统计体系”和六项产业政策建议可直接转化为地方标准（DB）和政策实践，具有明确的政策转化价值和可量化的经济效益。,2,economic_benefit,D,rewrite_as_scope,系统具备减少重复统计作业的潜力，实际经济效益需结合部署范围、人员工时和成本台账另行评估。
paragraph:63,Heading 2,1.4 项目创新与特色,1.4,,D,recalculate,仅在与正式复算快照或经核验的权威来源一致时保留。
paragraph:65,Heading 3,1.4.1 数据层特色：零标注数据冷启动方案,1.4;1,,D,recalculate,仅在与正式复算快照或经核验的权威来源一致时保留。
paragraph:66,Normal,"摒弃对大规模人工标注数据的依赖，仅需构建271词体育产业自定义词典即可在零标注条件下部署运行。词典按9大业态系统分类，支持即时“热更新”（新增业态只需添加词条，无需重训练），处理速度达6,325条/秒，为标注数据匮乏的产业统计场景提供了经济可行的技术路径，弥合了前沿NLP模型与实际应用之间的数据鸿沟。","271;9;6,325",evaluation;performance,D,remove,当前工作区未提供逐条人工金标准、预测分数或标注者记录，不报告准确率、AUC、Kappa、Pearson相关系数等指标。
paragraph:67,Heading 3,1.4.2 模型层设计：“文本+代码”双通道融合识别框架,1.4;2,,D,recalculate,仅在与正式复算快照或经核验的权威来源一致时保留。
paragraph:68,Normal,将NLP文本分析（语义通道）与GB/T 4754-2017《国民经济行业分类》（国家统计局，2017年修订）行业代码体系（结构通道）进行系统融合，通过四层置信度规则（0.95/0.75/0.70/0.60）实现两者优势互补：文本通道捕捉实际业务内容，代码通道提供结构性先验约束。[1],4754;2017;2017;0.95;0.75;0.70;0.60;1,,D,recalculate,仅在与正式复算快照或经核验的权威来源一致时保留。
paragraph:69,Normal,该框架在跨界发现能力上实现了从0到977家的覆盖（其中纯跨界951家为较为新增发现），解决了单一方法“覆盖不全”或“脱离体系”的固有缺陷，使识别结果既能反映企业实际经营内容，又能与现行统计制度平滑对接。,0;977;951,,D,recalculate,仅在与正式复算快照或经核验的权威来源一致时保留。
paragraph:71,Normal,图1-2 双通道融合框架图（数据来源：本研究整理）,1;2,,D,recalculate,仅在与正式复算快照或经核验的权威来源一致时保留。
paragraph:74,Normal,"经76,687家企业实证，共解析出约23万条业务线（平均每家企业约3条），识别粒度从企业级细化至业务线级，约提升2-3个粒度层级，在一定程度上解决了多元经营企业内部业务分离的核心技术难题，为产业规模的比例测算奠定了方法论基础。","76,687;23;3;2;3",output_value,D,recalculate,仅在与正式复算快照或经核验的权威来源一致时保留。
paragraph:75,Heading 3,1.4.3 应用层设计：全流程实证闭环与可交付平台,1.4;3,,D,recalculate,仅在与正式复算快照或经核验的权威来源一致时保留。
paragraph:76,Normal,"基于76,687家真实企业数据，完整验证了从数据获取到政策建议的全流程技术方案，为该领域“理论到实践”的系统性研究提供了新思路。配套开发的全栈Web可视化平台（FastAPI + Vue 3 + ECharts）提供39个RESTful API端点、五大功能页面、三级部署方案（轻量级/标准级/企业级），支持交互式数据下钻、区域筛选、业态对比、置信度过滤和报告自动生成，可直接交付统计部门使用，打通了学术研究向统计实践转化的“落地应用”。","76,687;3;39",,D,recalculate,仅在与正式复算快照或经核验的权威来源一致时保留。
paragraph:77,Normal,图1-3 不足与创新对比图（数据来源：本研究整理）,1;3,,D,recalculate,仅在与正式复算快照或经核验的权威来源一致时保留。
paragraph:78,Heading 2,1.5 整体技术路线,1.5,,D,recalculate,仅在与正式复算快照或经核验的权威来源一致时保留。
paragraph:80,Normal,（1）数据层,1,,D,recalculate,仅在与正式复算快照或经核验的权威来源一致时保留。
paragraph:82,Normal,（2）模型层,2,,D,recalculate,仅在与正式复算快照或经核验的权威来源一致时保留。
paragraph:87,Normal,（3）验证层,3,,D,recalculate,仅在与正式复算快照或经核验的权威来源一致时保留。
paragraph:88,Normal,"基于76,687家全样本企业数据，从覆盖率、业态结构、空间分布和置信度四个维度进行系统实验评估。验证层设置了四组对照实验，系统验证模型的有效性、鲁棒性和实用价值，确保研究结论的科学性和可靠性。","76,687",,A/B,keep,与2026-08-01正式复算快照一致。
paragraph:89,Normal,（4）应用层,4,,D,recalculate,仅在与正式复算快照或经核验的权威来源一致时保留。
paragraph:93,Normal,图1-4  整体技术路线架构图（数据来源：本研究整理）,1;4,,D,recalculate,仅在与正式复算快照或经核验的权威来源一致时保留。
paragraph:95,Heading 2,2.1 原始数据获取,2.1,,D,recalculate,仅在与正式复算快照或经核验的权威来源一致时保留。
paragraph:96,Normal,"本文的数据源为赛题提供的标准化企业微观数据库，涵盖76,687家企业，数据采集自某省级行政区域的工商登记系统，具有官方性和权威性。核心字段包括四个维度：","76,687",,A/B,keep,与2026-08-01正式复算快照一致。
paragraph:97,Normal,（1）统一社会信用代码——企业较为独特的标识，18位字符串；,1;18,,D,recalculate,仅在与正式复算快照或经核验的权威来源一致时保留。
paragraph:98,Normal,（2）详细名称——含行政区划和组织形式的企业全称；,2,,D,recalculate,仅在与正式复算快照或经核验的权威来源一致时保留。
paragraph:99,Normal,（3）行业代码——GB/T 4754-2017四位数字代码，范围1491至9054；,3;4754;2017;1491;9054,,D,recalculate,仅在与正式复算快照或经核验的权威来源一致时保留。
paragraph:100,Normal,（4）主要业务活动——自由文本字段，由企业在工商登记时自行填报，描述企业的主营业务内容。,4,,D,recalculate,仅在与正式复算快照或经核验的权威来源一致时保留。
paragraph:101,Normal,"数据格式为Excel，文件大小约3.7MB。从数据分布特征来看：行业代码覆盖了制造业、批发零售业、服务业、教育业等大部分门类，其中代码7259（其他广告服务，共10,262家）、7481（工程管理服务，共9,170家）、5292（互联网零售，共6,661家）为数量最多的三个行业；主要业务活动字段仅98条缺失（约0.13%），数据完整性极好；文本内容均为中文，单条文本长度集中在4-40个字符之间（均长约15字），以简短精炼的业务短语为主。数据质量评估结果为优，无需大规模缺失值插补。","3.7;7259;10,262;7481;9,170;5292;6,661;98;0.13%;4;40;15",,D,recalculate,仅在与正式复算快照或经核验的权威来源一致时保留。
paragraph:103,Normal,（1）去重处理：基于统一社会信用代码（企业较为独特的标识）进行全字段去重。经检验，数据集中不存在重复记录，原始数据质量较高。,1,,D,recalculate,仅在与正式复算快照或经核验的权威来源一致时保留。
paragraph:104,Normal,（2）缺失值处理：主要业务活动字段存在98条缺失记录（约0.13%）。由于缺失比例极低且该字段为自由文本，采用空字符串填充策略，对整体分析的统计影响可忽略不计（<0.2%）。其他三个字段（信用代码、名称、行业代码）完整性为100%。,2;98;0.13%;0.2%;100%,,D,recalculate,仅在与正式复算快照或经核验的权威来源一致时保留。
paragraph:105,Normal,（3）文本标准化：,3,,D,recalculate,仅在与正式复算快照或经核验的权威来源一致时保留。
paragraph:109,Normal,"（4）异常值检测：对行业代码执行范围校验，有效范围为GB/T 4754-2017规定的门类代码区间[1491, 9054]。经扫描，大部分数据均在有效范围内，未发现超出范围或非法的行业代码值。文本字段的异常字符（如控制字符、不可见字符）通过正则表达式过滤清除。",4;4754;2017;1491;9054,,D,recalculate,仅在与正式复算快照或经核验的权威来源一致时保留。
paragraph:110,Normal,表2-1 数据清洗执行情况统计,2;1,,D,recalculate,仅在与正式复算快照或经核验的权威来源一致时保留。
paragraph:112,Heading 2,2.2 中文分词与体育词典构建,2.2,,D,recalculate,仅在与正式复算快照或经核验的权威来源一致时保留。
paragraph:113,Normal,中文分词是NLP文本分析的基础环节。本研究选用jieba分词工具（开源中文分词工具，版本v0.42.1），其基于前缀词典和Viterbi动态规划算法的分词方法在中文文本处理中具有速度快、精确率高的特点，且支持自定义词典扩展[18]。,42.1;18,evaluation,D,remove,当前工作区未提供逐条人工金标准、预测分数或标注者记录，不报告准确率、AUC、Kappa、Pearson相关系数等指标。
paragraph:115,Normal,为解决此问题，本研究针对性构建体育产业专业自定义词典，共计收录271 条核心业态词条，并按照体育产业九大细分业态进行系统化归类，有效提升专业术语分词精确率，规避通用分词的语义破碎问题。,271,evaluation,D,remove,当前工作区未提供逐条人工金标准、预测分数或标注者记录，不报告准确率、AUC、Kappa、Pearson相关系数等指标。
paragraph:116,Normal,"词典规模确定为271条核心词条，其筛选遵循""覆盖率—精准度—冗余度""三原则：",271,,D,recalculate,仅在与正式复算快照或经核验的权威来源一致时保留。
paragraph:117,Normal,（1）以《国家体育产业统计分类（2019）》的9大业态、114个小类为基础框架[2]，确保全面覆盖官方统计口径；,1;2019;9;114;2,,D,recalculate,仅在与正式复算快照或经核验的权威来源一致时保留。
paragraph:118,Normal,"（2）通过对300家人工标注样本的词频统计与交叉验证，剔除在非体育语境中高频出现的歧义词条（如""俱乐部""""运动""等），降低误判风险；",2;300,evaluation,D,remove,当前工作区未提供逐条人工金标准、预测分数或标注者记录，不报告准确率、AUC、Kappa、Pearson相关系数等指标。
paragraph:119,Normal,（3）采用专家咨询法进行冗余度筛查，合并同义、近义词条，控制词典规模在保证覆盖率的同时避免过度膨胀。经实证检验，271词的词典规模在精确率（Precision）和召回率（Recall）之间实现了较好平衡。,3;271,evaluation,D,remove,当前工作区未提供逐条人工金标准、预测分数或标注者记录，不报告准确率、AUC、Kappa、Pearson相关系数等指标。
paragraph:121,Normal,（1）体育赛事（28 词）：涵盖体育赛事、赛事运营、马拉松、电子竞技赛事等业态词条；,1;28,,D,recalculate,仅在与正式复算快照或经核验的权威来源一致时保留。
paragraph:122,Normal,（2）健身休闲（36 词）：涵盖健身服务、瑜伽、游泳、户外运动、冰雪运动等业态词条；,2;36,,D,recalculate,仅在与正式复算快照或经核验的权威来源一致时保留。
paragraph:123,Normal,（3）体育用品（32 词）：涵盖体育器材、运动服装、健身器材、体育用品制造等业态词条；,3;32,,D,recalculate,仅在与正式复算快照或经核验的权威来源一致时保留。
paragraph:124,Normal,（4）体育培训（30 词）：涵盖体育培训、篮球培训、足球青训、体适能等业态词条；,4;30,,D,recalculate,仅在与正式复算快照或经核验的权威来源一致时保留。
paragraph:125,Normal,（5）体育场馆（22 词）：涵盖体育场馆、游泳馆、羽毛球馆、场馆运营等业态词条；,5;22,,D,recalculate,仅在与正式复算快照或经核验的权威来源一致时保留。
paragraph:126,Normal,（6）体育传媒（20 词）：涵盖体育传媒、赛事转播、体育直播、体育营销等业态词条；,6;20,,D,recalculate,仅在与正式复算快照或经核验的权威来源一致时保留。
paragraph:127,Normal,（7）体育管理（23 词）：涵盖体育管理、体育组织、体育咨询、体育旅游等业态词条；,7;23,,D,recalculate,仅在与正式复算快照或经核验的权威来源一致时保留。
paragraph:128,Normal,（8）电子竞技（18 词）：涵盖电子竞技、电竞俱乐部、电竞赛事、电竞教育等业态词条；,8;18,,D,recalculate,仅在与正式复算快照或经核验的权威来源一致时保留。
paragraph:129,Normal,（9）体育彩票（7 词）：涵盖体育彩票、竞彩、体彩等业态词条。,9;7,,D,recalculate,仅在与正式复算快照或经核验的权威来源一致时保留。
paragraph:131,Normal,图2-1 体育关键词命中频次TOP20（数据来源：本研究整理）,2;1;0,,D,recalculate,仅在与正式复算快照或经核验的权威来源一致时保留。
paragraph:137,Normal,研究通过jieba.add_word()接口将大部分271条词条批量注册至分词器，同时开启长词优先匹配机制，优先匹配“电子竞技赛事”等长维度专业词条，避免短词拆分导致的语义割裂问题，有效保障分词结果的完整性与精确性。词典部署完成后，本研究对大部分76687条企业主要业务活动文本开展批量分词处理，文本处理速率可达6325条/秒，实现了大规模产业文本的高效精准分词。,271;76687;6325,performance,D,remove,当前材料未提供可复核的压力测试原始记录，因此不报告平台性能数值。
paragraph:138,Heading 2,2.3 行业代码映射体系,2.3,,D,recalculate,仅在与正式复算快照或经核验的权威来源一致时保留。
paragraph:139,Normal,为建立文本分析结果与行业分类体系之间的桥梁，本文构建了GB/T 4754-2017与体育产业的双层代码映射体系：,4754;2017,,D,recalculate,仅在与正式复算快照或经核验的权威来源一致时保留。
paragraph:140,Normal,（1）第一层：直接体育代码（19个）——企业主营业务即为体育。,1;19,,D,recalculate,仅在与正式复算快照或经核验的权威来源一致时保留。
paragraph:141,Normal,包括8911体育组织、8912体育社团、8919其他体育组织、8921体育场馆管理、8929其他体育场地设施管理、8930健身休闲活动、8392体校及体育培训、2441球类制造、2442体育器材及配件制造、2443训练健身器材制造、2444运动防护用具制造、2449其他体育用品制造、1821运动机织服装制造、1831运动针织服装制造、5142体育用品及器材批发、5242体育用品及器材零售、7121体育设备出租、4892体育场地设施工程施工。,8911;8912;8919;8921;8929;8930;8392;2441;2442;2443;2444;2449;1821;1831;5142;5242;7121;4892,,D,recalculate,仅在与正式复算快照或经核验的权威来源一致时保留。
paragraph:142,Normal,（2）第二层：间接相关代码（17个）——部分企业可能涉及体育业务，需文本辅助确认。,2;17,,D,recalculate,仅在与正式复算快照或经核验的权威来源一致时保留。
paragraph:143,Normal,包括8399其他未列明教育、8391职业技能培训、6513应用软件开发、6450互联网数据服务、7259其他广告服务、7251互联网广告服务、8720电视、7291旅行社及相关服务、7249其他专业咨询与调查等。,8399;8391;6513;6450;7259;7251;8720;7291;7249,,D,recalculate,仅在与正式复算快照或经核验的权威来源一致时保留。
paragraph:145,Normal,图2-2 体育企业行业代码分布TOP15（数据来源：本研究整理）,2;2;5,,D,recalculate,仅在与正式复算快照或经核验的权威来源一致时保留。
paragraph:147,Normal,（1）文本特征：token_count（分词后总词数）、keyword_count（TF-IDF关键词数量）、text_length（原始文本字符数）。这些特征反映了文本描述的详细程度，与业务复杂度正相关[19]。,1;19,,D,recalculate,仅在与正式复算快照或经核验的权威来源一致时保留。
paragraph:148,Normal,（2）体育匹配特征：sport_keyword_count（命中的体育关键词数量）、sport_category_count（命中的不同业态种类数）、name_has_sport（企业名称中是否含体育词）。这些特征直接反映了体育业务的存在性和多样性。,2,,D,recalculate,仅在与正式复算快照或经核验的权威来源一致时保留。
paragraph:149,Normal,（3）业务结构特征：total_business_lines（解析出的独立业务线总数）、sport_business_lines（被分类为体育的业务线数）。这两个特征通过业务线解析方法提取，反映了体育业务在企业经营范围中的覆盖面。,3,,D,recalculate,仅在与正式复算快照或经核验的权威来源一致时保留。
paragraph:150,Normal,（4）行业代码特征：code_type（直接/间接/无关），该特征通过行业代码映射体系生成，为后续的比重测算提供结构性先验信息。,4,,D,recalculate,仅在与正式复算快照或经核验的权威来源一致时保留。
paragraph:151,Normal,表2-2 特征工程总览,2;2,,D,recalculate,仅在与正式复算快照或经核验的权威来源一致时保留。
paragraph:153,Heading 2,3.1 业务线解析方法,3.1,,D,recalculate,仅在与正式复算快照或经核验的权威来源一致时保留。
paragraph:156,Normal,图3-1 体育企业业务线结构分析示意图（数据来源：本研究整理）,3;1,,D,recalculate,仅在与正式复算快照或经核验的权威来源一致时保留。
paragraph:157,Normal,（1）步骤一——文本分割（Text Segmentation）。,1,,D,recalculate,仅在与正式复算快照或经核验的权威来源一致时保留。
paragraph:158,Normal,"使用正则表达式r""[,;、/                ]+""识别常见业务分隔符（中文逗号、分号、顿号、斜杠、空白等），将文本拆分为独立的业务线列表。过滤长度小于2字符的无效片段，去除重复业务线保持顺序。经统计，76,687家企业共解析出约23万条业务线，平均每家企业约3条。","2;76,687;23;3",,D,recalculate,仅在与正式复算快照或经核验的权威来源一致时保留。
paragraph:159,Normal,（2）步骤二——逐线分类（逐行分类方法）。,2,,D,recalculate,仅在与正式复算快照或经核验的权威来源一致时保留。
paragraph:160,Normal,对每条业务线分别执行jieba分词，然后与体育词典进行精确匹配。若业务线中命中任意体育词典关键词，则将该条业务线标记为体育业务线，并根据命中关键词所属的业态类别（通过反向索引SPORT_WORD_TO_CATEGORY查询）确定该业务线的业态分类。同时记录命中的关键词列表和匹配得分（s)，即命中3个及以上关键词即为满分）。,3,,D,recalculate,仅在与正式复算快照或经核验的权威来源一致时保留。
paragraph:161,Normal,（3）步骤三——边界聚合（边界聚合方法）。,3,,D,recalculate,仅在与正式复算快照或经核验的权威来源一致时保留。
paragraph:163,Heading 2,3.2 体育业务识别模型,3.2,,D,recalculate,仅在与正式复算快照或经核验的权威来源一致时保留。
paragraph:166,Normal,（1）规则1（最高置信度为0.95）：行业代码为直接体育代码 且 文本命中体育关键词。该场景下，行业代码和文本分析均确认企业从事体育业务，识别结果高度可靠。,1;1;0.95,,D,recalculate,仅在与正式复算快照或经核验的权威来源一致时保留。
paragraph:167,Normal,（2）规则2（高置信度为0.75）：行业代码为直接体育代码 但 文本未命中体育关键词。该场景下，行业代码明确指向体育，但文本描述较为简略或使用了非词典内的表述。,2;2;0.75,,D,recalculate,仅在与正式复算快照或经核验的权威来源一致时保留。
paragraph:168,Normal,（3）规则3（中置信度为0.70）：行业代码为间接相关代码 且 文本命中体育关键词。该场景下，行业代码不能直接确认（如教育类代码），但文本提供了体育业务的明确证据——这正是跨界经营识别的主要场景。,3;3;0.70,,D,recalculate,仅在与正式复算快照或经核验的权威来源一致时保留。
paragraph:169,Normal,（4）规则4（中置信度为0.60）：行业代码与体育无关 但 文本命中体育关键词。该场景为纯跨界经营发现，较为依赖文本分析能力，是传统行业代码方法难以有效覆盖的识别场景。,4;4;0.60,,D,recalculate,仅在与正式复算快照或经核验的权威来源一致时保留。
paragraph:170,Normal,输出判定：体育业务占比（SportRatio）>= 0.10的企业被判定为体育企业。该阈值经与直接体育代码企业的参数敏感性分析确定——阈值过低会导致大量噪声（非体育企业被误判），阈值过高会导致漏检（实际有体育业务但占比不高的企业被忽略）。10%的阈值在精确率（Precision）和召回率（Recall）之间取得了较好的平衡。,0.10;10%,evaluation,D,remove,当前工作区未提供逐条人工金标准、预测分数或标注者记录，不报告准确率、AUC、Kappa、Pearson相关系数等指标。
paragraph:171,Normal,"0.10阈值的确定综合考量了三方面因素：一是统计惯例参考，国民经济行业分类中，当某一行业业务占比达到10%以上时，通常将其纳入该行业统计范畴；二是ROC曲线分析，基于300家人工标注样本绘制ROC曲线，Youden指数最大点对应的阈值为0.09，四舍五入取0.10便于实际应用；三是专家共识，邀请5名体育产业统计专家进行阈值研讨，一致认为10%的门槛既符合统计工作直觉，又能有效过滤""偶然涉及体育业务""的噪声企业。敏感性分析表明，阈值在0.08-0.12区间内调整时，识别结果的F1值（F1-score）波动小于3%，阈值选择具有较好的稳定性。",0.10;10%;300;0.09;0.10;5;10%;0.08;0.12;3%,evaluation,D,remove,当前工作区未提供逐条人工金标准、预测分数或标注者记录，不报告准确率、AUC、Kappa、Pearson相关系数等指标。
paragraph:172,Normal,"本实验旨在回答""体育企业判定阈值为何设定为0.10""这一问题。基于300家人工标注验证样本，绘制ROC曲线并计算AUC值。通过在0.05-0.20区间内设置6组阈值进行对比实验，各阈值下的性能指标见表3-3：",0.10;300;0.05;0.20;6;3;3,evaluation,D,remove,当前工作区未提供逐条人工金标准、预测分数或标注者记录，不报告准确率、AUC、Kappa、Pearson相关系数等指标。
paragraph:173,Normal,表3-1 不同阈值下的模型性能对比（n=300）,3;1;300,evaluation,D,remove,当前工作区未提供逐条人工金标准、预测分数或标注者记录，不报告准确率、AUC、Kappa、Pearson相关系数等指标。
paragraph:175,Normal,实验结果显示，ROC曲线下面积AUC=0.91，表明模型具有较好的区分能力。Youden指数（J=Sensitivity+Specificity-1）在阈值0.09处达到最大值0.67。综合考虑精确率（Precision）与召回率（Recall）的平衡以及统计工作实操性，最终选取0.10作为体育企业判定阈值，该阈值下F1值（F1-score）达到0.87，精确率与召回率均处于较高水平。,0.91;1;0.09;0.67;0.10;0.87,evaluation,D,remove,当前工作区未提供逐条人工金标准、预测分数或标注者记录，不报告准确率、AUC、Kappa、Pearson相关系数等指标。
paragraph:176,Normal,"经DeLong法检验，AUC的95%置信区间为[0.87, 0.95]，表明模型具有较好的区分能力。",95%;0.87;0.95,evaluation,D,remove,当前工作区未提供逐条人工金标准、预测分数或标注者记录，不报告准确率、AUC、Kappa、Pearson相关系数等指标。
paragraph:178,Normal,图3-2  SportRatio模型ROC曲线（AUC = 0.91，n = 300）（数据来源：本研究整理）,3;2;0.91;300,evaluation,D,remove,当前工作区未提供逐条人工金标准、预测分数或标注者记录，不报告准确率、AUC、Kappa、Pearson相关系数等指标。
paragraph:179,Heading 2,3.3 多维度比重测算模型,3.3,,D,recalculate,仅在与正式复算快照或经核验的权威来源一致时保留。
paragraph:180,Heading 3,3.3.1 模型考量,3.3;1,,D,recalculate,仅在与正式复算快照或经核验的权威来源一致时保留。
paragraph:183,Normal,（1）指标间的相互独立性。,1,,D,recalculate,仅在与正式复算快照或经核验的权威来源一致时保留。
paragraph:185,Normal,（2）权重的归一化约束。,2,,D,recalculate,仅在与正式复算快照或经核验的权威来源一致时保留。
paragraph:186,Normal,"四个维度的权重之和为1（0.40+0.25+0.25+0.10=1.00），满足线性加权模型的归一化条件，输出结果取值范围为[0,1]区间，具有明确的业务占比解释意义，便于理解和应用。",1;0.40;0.25;0.25;0.10;1.00;0;1,,D,recalculate,仅在与正式复算快照或经核验的权威来源一致时保留。
paragraph:187,Normal,（3）可解释性与实用性的平衡。,3,,D,recalculate,仅在与正式复算快照或经核验的权威来源一致时保留。
paragraph:189,Heading 3,3.3.2 模型构建及设计,3.3;2,,D,recalculate,仅在与正式复算快照或经核验的权威来源一致时保留。
paragraph:200,Normal,权重分配遵循“文本内容为主（0.65），代码先验为辅（0.25），多元程度微调（0.10）”的设计原则，确保了模型在缺乏营收真值标签情况下的合理性和可解释性。,0.65;0.25;0.10,,D,recalculate,仅在与正式复算快照或经核验的权威来源一致时保留。
paragraph:202,Normal,图3-3  SportRatio计算流程图（数据来源：本研究整理）,3;3,,D,recalculate,仅在与正式复算快照或经核验的权威来源一致时保留。
paragraph:203,Heading 3,3.3.3 四大维度,3.3;3,,D,recalculate,仅在与正式复算快照或经核验的权威来源一致时保留。
paragraph:205,Normal,（1）W1——业务范围占比（权重0.40）：,1;0.40,,D,recalculate,仅在与正式复算快照或经核验的权威来源一致时保留。
paragraph:210,Normal,例如，企业共识别5条有效业务线，其中2条为体育相关业务，则该企业。,5;2,,D,recalculate,仅在与正式复算快照或经核验的权威来源一致时保留。
paragraph:211,Normal,(2) W2——关键词密度（权重0.25）：,2;0.25,,D,recalculate,仅在与正式复算快照或经核验的权威来源一致时保留。
paragraph:213,Normal,"归一化尺度设定为10的依据为：基于300家人工标注样本的统计分析，企业平均命中体育关键词数量约为9.3个，因此取10作为归一化基准值，使大部分企业的关键词密度指标落在[0,1]区间内，同时保留少数高频命中企业的区分度。",10;300;9.3;10;0;1,evaluation,D,remove,当前工作区未提供逐条人工金标准、预测分数或标注者记录，不报告准确率、AUC、Kappa、Pearson相关系数等指标。
paragraph:214,Normal,该指标用于量化企业业务文本中体育内容的语义聚焦程度与描述详实度，规避仅依靠业务线数量造成的测算偏差，通过归一化处理将数值映射至0-1区间，计算公式如下：,0;1,,D,recalculate,仅在与正式复算快照或经核验的权威来源一致时保留。
paragraph:216,Normal,其中：为文本命中的体育专业关键词总数，为文本分词后有效词汇总数，引入常数10作为归一化系数，并通过上限截断将结果约束在合理区间。企业对体育业务的描述越细致、专业关键词越密集，代表体育业务经营深耕程度越高,10,,D,recalculate,仅在与正式复算快照或经核验的权威来源一致时保留。
paragraph:217,Normal,例如，文本“体育赛事运营，专业马拉松组织，运动品牌推广”命中3个体育关键词、总词数6，计算得；文本“体育用品销售”命中1个体育关键词、总词数3，计算得，二者深耕程度差异显著。,3;6;1;3,,D,recalculate,仅在与正式复算快照或经核验的权威来源一致时保留。
paragraph:218,Normal,（3）W3——行业代码权重（权重0.25）：,3;0.25,,D,recalculate,仅在与正式复算快照或经核验的权威来源一致时保留。
paragraph:222,Normal,（4）W4——业态覆盖度（权重0.10）：,4;0.10,,D,recalculate,仅在与正式复算快照或经核验的权威来源一致时保留。
paragraph:225,Normal,其中：为企业实际覆盖的体育业态数量，9为本文界定的体育产业总业态类别数。相较于单一业态经营企业，同时布局赛事、培训、用品、休闲等多业态的企业，体育业务深耕程度更高，通过该指标可实现精细化权重微调。,9,,D,recalculate,仅在与正式复算快照或经核验的权威来源一致时保留。
paragraph:228,Normal,（1）和为验证业务线数量占比与实际业务参与程度的相关性，本研究对300家人工标注样本进行了统计检验：将人工估算的体育业务比重作为因变量，业务线数量占比作为自变量进行回归分析，结果显示两者Pearson相关系数为0.72（p<0.001），表明在无营收数据条件下，业务线数量占比是体育业务规模的有效代理变量。同时，结合关键词密度、行业代码权重、业态覆盖度等其他三个维度进行综合校准，进一步降低了单一指标的估算偏差。,1;300;0.72;0.001,evaluation,D,remove,当前工作区未提供逐条人工金标准、预测分数或标注者记录，不报告准确率、AUC、Kappa、Pearson相关系数等指标。
paragraph:229,Normal,（2）9大业态分类严格对标《国家体育产业统计分类（2019）》的官方分类体系，该分类将体育产业划分为体育管理活动、体育竞赛表演活动、体育健身休闲活动、体育场地和设施管理、体育经纪与代理、广告与会展、体育用品及相关产品制造、体育用品及相关产品销售、贸易代理与出租、体育场地设施建设、体育教育与培训、体育传媒与信息服务等大类[2]。本研究结合工商登记文本的表达特点，将其整合为9类便于文本识别的业态标签，既保证了与官方统计体系的衔接性，又提升了文本匹配的实操性。,2;9;2019;2;9,,D,recalculate,仅在与正式复算快照或经核验的权威来源一致时保留。
paragraph:230,Normal,"（3）以下实验旨在回答""为何业务线数量可以作为业务规模的近似""这一问题。",3,,D,recalculate,仅在与正式复算快照或经核验的权威来源一致时保留。
paragraph:231,Normal,"采用Shapiro-Wilk检验对两个变量进行正态性检验，结果显示业务线占比（W=0.94, p>0.05）和人工估算占比（W=0.93, p>0.05）均近似服从正态分布，因此满足Pearson相关分析的前提假设。",0.94;0.05;0.93;0.05,evaluation,D,remove,当前工作区未提供逐条人工金标准、预测分数或标注者记录，不报告准确率、AUC、Kappa、Pearson相关系数等指标。
paragraph:232,Normal,为进一步验证业务线数量占比与人工估算业务占比之间的一致性，将300家样本按业务线占比分层统计，各区间的模型估算值与人工估算值对比如下：,300,,D,recalculate,仅在与正式复算快照或经核验的权威来源一致时保留。
paragraph:233,Normal,表3-2 业务线占比分层验证统计表（n=300）,3;2;300,evaluation,D,remove,当前工作区未提供逐条人工金标准、预测分数或标注者记录，不报告准确率、AUC、Kappa、Pearson相关系数等指标。
paragraph:234,Normal,分层统计结果显示，Pearson相关系数r=0.72（p<0.001），表明业务线数量占比与人工估算的体育业务比重之间存在显著正相关。决定系数R²=0.52，说明业务线占比可解释约52%的业务占比变异。在10%-70%的主体区间内，相对误差均低于5%，验证了该代理变量的有效性。两端区间（极低/极高占比）误差相对较大，因此引入关键词密度、行业代码权重、业态覆盖度三个维度进行联合校准，以进一步降低估算偏差。,0.72;0.001;0.52;52%;10%;70%;5%,evaluation,D,remove,当前工作区未提供逐条人工金标准、预测分数或标注者记录，不报告准确率、AUC、Kappa、Pearson相关系数等指标。
paragraph:236,Normal,图3-4  SportRatio四维权重构成环形图（数据来源：本研究整理）,3;4,,D,recalculate,仅在与正式复算快照或经核验的权威来源一致时保留。
paragraph:238,Normal,图3-5  业务线占比与人工估算占比散点图（Pearsonr = 0.72，n = 300）（数据来源：本研究整理）,3;5;0.72;300,evaluation,D,remove,当前工作区未提供逐条人工金标准、预测分数或标注者记录，不报告准确率、AUC、Kappa、Pearson相关系数等指标。
paragraph:239,Heading 3,3.3.4 权重确定方法与验证,3.3;4,,D,recalculate,仅在与正式复算快照或经核验的权威来源一致时保留。
paragraph:240,Normal,承接3.3.1节提出的线性加权模型框架，本节采用层次分析法（AHP）与实证校准相结合的方法，系统阐述四维权重的确定过程与验证结果。,3.3;1,,D,recalculate,仅在与正式复算快照或经核验的权威来源一致时保留。
paragraph:242,Normal,（1）构建层次结构模型。,1,,D,recalculate,仅在与正式复算快照或经核验的权威来源一致时保留。
paragraph:243,Normal,将SportRatio比重测算目标分解为4个一级指标（业务范围占比、关键词密度、行业代码权重、业态覆盖度），形成目标层—准则层—指标层的三层结构，为权重判断提供清晰的分析框架。,4,,D,recalculate,仅在与正式复算快照或经核验的权威来源一致时保留。
paragraph:244,Normal,（2）专家咨询与判断矩阵构建。,2,,D,recalculate,仅在与正式复算快照或经核验的权威来源一致时保留。
paragraph:245,Normal,邀请5名体育产业领域专家（2名高校体育产业研究教授、2名统计部门资深业务人员、1名体育产业协会专家），采用Saaty 1—9标度法对各指标相对重要性进行两两比较打分。对每位专家的判断矩阵进行算术平均，形成综合判断矩阵，以降低个体偏差的影响。[17],5;2;2;1;1;9;17,,D,recalculate,仅在与正式复算快照或经核验的权威来源一致时保留。
paragraph:246,Normal,（3）特征向量计算与一致性检验。,3,,D,recalculate,仅在与正式复算快照或经核验的权威来源一致时保留。
paragraph:247,Normal,采用和积法计算判断矩阵的最大特征值λmax和对应的特征向量，经归一化得到初始权重向量。计算一致性指标CI = (λmax − n)/(n − 1)，查表得4阶矩阵的平均随机一致性指标RI = 0.90，最终一致性比率CR = CI/RI = 0.008 < 0.1，判断矩阵通过一致性检验，说明专家打分逻辑自洽。,1;4;0.90;0.008;0.1,,D,recalculate,仅在与正式复算快照或经核验的权威来源一致时保留。
paragraph:248,Normal,（4）敏感性分析验证。,4,,D,recalculate,仅在与正式复算快照或经核验的权威来源一致时保留。
paragraph:249,Normal,对初始权重进行±5%、±10%、±20%的扰动测试，观察输出结果的稳定性。结果显示，权重在±10%范围内变动时，体育企业识别数量波动小于3%，F1值（F1-score）波动小于2%，表明权重设置具有较好的鲁棒性，不会因权重小幅调整导致结果剧烈变化。,5%;10%;20%;10%;3%;2%,evaluation,D,remove,当前工作区未提供逐条人工金标准、预测分数或标注者记录，不报告准确率、AUC、Kappa、Pearson相关系数等指标。
paragraph:250,Normal,（5）抽样校准微调。,5,,D,recalculate,仅在与正式复算快照或经核验的权威来源一致时保留。
paragraph:251,Normal,基于300 家人工核验企业样本开展回归校准，对AHP初始权重进行微调优化。样本覆盖9 大业态、包含直接体育代码与跨界经营企业两类主体，以人工复核的业务占比判定结果作为校准基准（人工验证数据集的构建方法详见3.3.5节）。微调后最终权重为：业务范围占比W1 = 0.40、关键词密度W2 = 0.25、行业代码权重W3 = 0.25、业态覆盖度W4 = 0.10。该权重既保持了AHP方法的理论基础，又通过实证数据校准提升了实际适用性。,300;9;3.3;5;0.40;0.25;0.25;0.10,,D,recalculate,仅在与正式复算快照或经核验的权威来源一致时保留。
paragraph:252,Normal,需要说明的是，上述四维权重的最终取值（0.40、0.25、0.25、0.10）是在AHP理论框架基础上，结合专家经验与实证校准综合确定的，具有一定的经验性。权重数值并非唯一最优解，敏感性分析已验证在±20%范围内结果稳定，因此权重的微调不影响整体结论。,0.40;0.25;0.25;0.10;20%,,D,recalculate,仅在与正式复算快照或经核验的权威来源一致时保留。
paragraph:254,Normal,（1）业务范围占比（W1）权重最高（0.40），因为工商登记文本中业务线数量占比与企业实际经营重心具有较强的统计正相关；,1;0.40,,D,recalculate,仅在与正式复算快照或经核验的权威来源一致时保留。
paragraph:255,Normal,（2）关键词密度（W2）与行业代码权重（W3）各占0.25，分别从文本语义和制度标准两个维度提供支撑，形成“文本+代码”的双通道互补；,2;0.25,,D,recalculate,仅在与正式复算快照或经核验的权威来源一致时保留。
paragraph:256,Normal,（3）业态覆盖度（W4）权重最低（0.10），仅作为多元化程度的微调因子，避免过度放大业态数量的影响。,3;0.10,,D,recalculate,仅在与正式复算快照或经核验的权威来源一致时保留。
paragraph:257,Heading 3,3.3.5 人工验证数据集,3.3;5,,D,recalculate,仅在与正式复算快照或经核验的权威来源一致时保留。
paragraph:258,Normal,"为验证模型识别效果并校准权重参数，本研究从76,687家全样本企业中分层随机抽取300家构建人工验证数据集，由两名具备体育产业统计经验的研究人员独立开展业务占比人工判定，作为模型验证与权重校准的真值基准。","76,687;300",,D,recalculate,仅在与正式复算快照或经核验的权威来源一致时保留。
paragraph:260,Normal,（1）按业态类型分层，覆盖体育用品制造、健身休闲、体育竞赛表演、体育场地服务、体育培训、体育传媒、电子竞技、体育科技服务、其他相关产业共9大业态，每业态抽取不少于25家；,1;9;25,,D,recalculate,仅在与正式复算快照或经核验的权威来源一致时保留。
paragraph:261,Normal,（2）按行业代码属性分层，包含直接体育代码企业（约40%）、间接相关代码企业（约30%）和无关代码企业（约30%）三类，确保样本既覆盖传统体育企业，也包含跨界经营主体。,2;40%;30%;30%,,D,recalculate,仅在与正式复算快照或经核验的权威来源一致时保留。
paragraph:262,Normal,标注标准依据《国家体育产业统计分类（2019）》制定，标注内容包括：是否属于体育企业、体育业务线数量、估算体育业务占比、所属业态类别四项。标注完成后进行交叉校验，不一致样本由第三名研究人员仲裁。经计算，两名标注者的Cohen's Kappa系数为0.86，表明标注一致性良好。该300家验证数据集同时服务于AHP权重校准和模型精确率评估两个环节。,2019;0.86;300,evaluation,D,remove,当前工作区未提供逐条人工金标准、预测分数或标注者记录，不报告准确率、AUC、Kappa、Pearson相关系数等指标。
paragraph:264,Normal,表3-3 人工标注一致性混淆矩阵（n=300）,3;3;300,evaluation,D,remove,当前工作区未提供逐条人工金标准、预测分数或标注者记录，不报告准确率、AUC、Kappa、Pearson相关系数等指标。
paragraph:266,Normal,根据混淆矩阵计算：观察一致率，机遇一致率，，表明两名标注员的一致性良好（标准：0.81-1.00为几乎完全一致）。不一致样本由第三名研究人员仲裁确定最终标注结果。,0.81;1.00,evaluation,D,remove,当前工作区未提供逐条人工金标准、预测分数或标注者记录，不报告准确率、AUC、Kappa、Pearson相关系数等指标。
paragraph:268,Normal,图3-6  人工标注一致性混淆矩阵热力图（Kappa = 0.86，n = 300）（数据来源：本研究整理）,3;6;0.86;300,evaluation,D,remove,当前工作区未提供逐条人工金标准、预测分数或标注者记录，不报告准确率、AUC、Kappa、Pearson相关系数等指标。
paragraph:269,Heading 2,3.4 跨界经营类型识别,3.4,,D,recalculate,仅在与正式复算快照或经核验的权威来源一致时保留。
paragraph:271,Normal,（1）纯跨界——行业代码无体育关联，但文本命中体育关键词（由文本通道独立发现），置信度0.60，识别出951家；,1;0.60;951,,D,recalculate,仅在与正式复算快照或经核验的权威来源一致时保留。
paragraph:272,Normal,（2）潜在跨界——行业代码间接相关，文本确认含体育业务，置信度0.70，识别出56家；,2;0.70;56,,D,recalculate,仅在与正式复算快照或经核验的权威来源一致时保留。
paragraph:273,Normal,（3）多元经营——行业代码直接体育，但存在多条非体育业务线，说明企业在体育主业之外兼营其他业务。,3,,D,recalculate,仅在与正式复算快照或经核验的权威来源一致时保留。
paragraph:275,Normal,图3-7跨界经营类型概览（数据来源：本研究整理）,3;7,,D,recalculate,仅在与正式复算快照或经核验的权威来源一致时保留。
paragraph:276,Heading 2,3.5 关键技术与模型选择分析,3.5,,D,recalculate,仅在与正式复算快照或经核验的权威来源一致时保留。
paragraph:279,Normal,图3-8 体育企业识别全量概览（数据来源：本研究整理）,3;8,,D,recalculate,仅在与正式复算快照或经核验的权威来源一致时保留。
paragraph:280,Normal,（1）冷启动问题：体育产业统计领域缺乏大规模、高质量的标注校准数据（即需要人工标注数万条业务文本的体育归属），直接训练深度学习模型面临严重的冷启动困难。规则匹配方法仅需构建和维护体育词典（271词），即可在零标注数据条件下部署运行。,1;271,evaluation,D,remove,当前工作区未提供逐条人工金标准、预测分数或标注者记录，不报告准确率、AUC、Kappa、Pearson相关系数等指标。
paragraph:281,Normal,"（2）计算效率：jieba分词+词典匹配的单条处理时间为0.16毫秒（6,325条/秒），全量76,687家企业仅需约12秒完成。同等规模数据下的BERT推理需要数十分钟（GPU）到数小时（CPU），在年度普查或月度监测等需要快速响应的场景中，效率差异显著。","2;0.16;6,325;76,687;12",performance,D,remove,当前材料未提供可复核的压力测试原始记录，因此不报告平台性能数值。
paragraph:282,Normal,（3）维护更新灵活性：体育产业的新业态不断涌现（如飞盘、匹克球等新兴运动），规则匹配方法只需更新词典（添加新词条），无需重新训练模型或收集标注数据。这种“热更新”能力对于产业统计的长期运维至关重要。,3,,D,recalculate,仅在与正式复算快照或经核验的权威来源一致时保留。
paragraph:284,Heading 3,3.5.1 候选模型对比与选择依据,3.5;1,,D,recalculate,仅在与正式复算快照或经核验的权威来源一致时保留。
paragraph:286,Normal,（1）基于规则的词典匹配法（本研究选用）,1,,D,recalculate,仅在与正式复算快照或经核验的权威来源一致时保留。
paragraph:288,Normal,（1）零标注冷启动能力：无需任何标注校准数据，仅需领域词典即可部署；,1,,D,recalculate,仅在与正式复算快照或经核验的权威来源一致时保留。
paragraph:289,Normal,（2）全可解释性：每条识别结果均有关键词证据链，满足政府统计的审计要求；,2,,D,recalculate,仅在与正式复算快照或经核验的权威来源一致时保留。
paragraph:290,Normal,"（3）高效率：6,325条/秒的处理速度适配大规模全样本扫描；","3;6,325",performance,D,remove,当前材料未提供可复核的压力测试原始记录，因此不报告平台性能数值。
paragraph:291,Normal,（4）热更新能力：新业态可通过词典更新即时覆盖。,4,,D,recalculate,仅在与正式复算快照或经核验的权威来源一致时保留。
paragraph:294,Normal,（2）TF-IDF + 传统机器学习（SVM/朴素贝叶斯）,2,,D,recalculate,仅在与正式复算快照或经核验的权威来源一致时保留。
paragraph:299,Normal,（3）BERT等预训练语言模型微调,3,,D,recalculate,仅在与正式复算快照或经核验的权威来源一致时保留。
paragraph:304,Normal,（4）少样本/零样本学习方法,4,,D,recalculate,仅在与正式复算快照或经核验的权威来源一致时保留。
paragraph:309,Normal,表3-4 四类文本分类方法综合对比表,3;4,,D,recalculate,仅在与正式复算快照或经核验的权威来源一致时保留。
paragraph:311,Normal,图3-9 四类文本分类方法多维性能对比雷达图（数据来源：本研究整理）,3;9,,D,recalculate,仅在与正式复算快照或经核验的权威来源一致时保留。
paragraph:312,Heading 3,3.5.2 模型验证方法体系,3.5;2,,D,recalculate,仅在与正式复算快照或经核验的权威来源一致时保留。
paragraph:314,Normal,（1）技术性能,1,,D,recalculate,仅在与正式复算快照或经核验的权威来源一致时保留。
paragraph:317,Normal,（2）应用适配,2,,D,recalculate,仅在与正式复算快照或经核验的权威来源一致时保留。
paragraph:320,Normal,（3）运维成本,3,,D,recalculate,仅在与正式复算快照或经核验的权威来源一致时保留。
paragraph:323,Normal,基于上述评价体系，本研究采用层次分析法（AHP）确定各指标权重，其中技术性能维度权重0.50（精确率0.20、覆盖率0.15、效率0.10、粒度0.05），应用适配维度权重0.30（可解释性0.15、冷启动0.10、兼容性0.05），运维成本维度权重0.20。综合评分结果显示，规则匹配法在体育产业统计场景下的综合得分最高，为本阶段的较好实用方案。,0.50;0.20;0.15;0.10;0.05;0.30;0.15;0.10;0.05;0.20,evaluation,D,remove,当前工作区未提供逐条人工金标准、预测分数或标注者记录，不报告准确率、AUC、Kappa、Pearson相关系数等指标。
paragraph:325,Normal,图3-10 层次分析法（AHP）权重分布示意图（数据来源：本研究整理）,3;10,,D,recalculate,仅在与正式复算快照或经核验的权威来源一致时保留。
paragraph:326,Heading 3,3.5.3 关键参数优化与敏感性分析,3.5;3,,D,recalculate,仅在与正式复算快照或经核验的权威来源一致时保留。
paragraph:327,Normal,关于关键参数的敏感性分析与优化，详见3.3.4节权重确定方法中的敏感性分析验证部分。结果表明，四维权重在±20%范围内波动时，F1值（F1-score）变化小于0.02，模型具有较好的鲁棒性。,3.3;4;20%;0.02,evaluation,D,remove,当前工作区未提供逐条人工金标准、预测分数或标注者记录，不报告准确率、AUC、Kappa、Pearson相关系数等指标。
paragraph:329,Heading 2,4.1 实验设计,4.1,,D,recalculate,仅在与正式复算快照或经核验的权威来源一致时保留。
paragraph:331,Normal,"（1）实验一——模型有效性对比实验：在全量76,687家企业上，对比传统行业代码法（仅基于19个直接体育代码的二值判定）与NLP融合识别法（文本+代码双通道，四维度加权，阈值10%）在识别覆盖率、跨界发现能力、比重精细度和新兴业态覆盖四个维度上的表现。","1;76,687;19;10%",,D,recalculate,仅在与正式复算快照或经核验的权威来源一致时保留。
paragraph:332,Normal,表4-1 传统行业代码法与NLP融合识别法全维度对比实验结果,4;1,,D,recalculate,仅在与正式复算快照或经核验的权威来源一致时保留。
paragraph:334,Normal,（2）实验二 —— 业态结构分析实验：基于融合模型识别出的大部分体育企业样本，按照九大体育业态完成分类统计，测算各业态产出规模、企业数量、跨界经营率，区分成熟业态与新兴业态的统计适配差异，解释模型识别效果提升的内在结构原因。,2,,D,recalculate,仅在与正式复算快照或经核验的权威来源一致时保留。
paragraph:335,Normal,（3）实验三——空间分布分析实验：基于企业名称中的行政区划分信息，提取区域归属，计算CR3/CR5集中度、HHI指数和基尼系数等多重空间集聚指标，揭示体育产业的空间分布规律。,3,concentration,D,recalculate,仅在与正式复算快照或经核验的权威来源一致时保留。
paragraph:336,Normal,（4）实验四——置信度与鲁棒性分析实验：对识别结果按置信度分层，分析各层级的识别依据分布，评估模型在不同判定场景下的稳健性。,4,,D,recalculate,仅在与正式复算快照或经核验的权威来源一致时保留。
paragraph:337,Heading 3,4.1.1 可视化分析,4.1;1,,D,recalculate,仅在与正式复算快照或经核验的权威来源一致时保留。
paragraph:339,Normal,(1)识别结果韦恩图：,1,,D,recalculate,仅在与正式复算快照或经核验的权威来源一致时保留。
paragraph:340,List Paragraph,采用双集合韦恩图直观对比两类方法的企业识别样本规模：传统行业代码法共识别体育企业 8016 家，NLP 融合识别法共识别 8950 家。二者交集为两种方法同时识别出的企业共 7999 家；仅由 NLP 融合法识别的独有样本共 951 家，大部分属于跨界经营体育主体；仅传统行业代码法识别、文本无体育关键词的样本仅 17 家，多为企业经营范围已发生变更、工商文本填报过于简略的失效样本。,8016;8950;7999;951;17,,D,recalculate,仅在与正式复算快照或经核验的权威来源一致时保留。
paragraph:341,List Paragraph,韦恩图清晰量化了融合识别模型的增量识别价值：相较传统行业代码统计方式，本方法体育企业识别覆盖率提升 11.7%，新增识别样本几乎大部分为传统统计体系难以捕捉的跨界经营主体。,11.7%,,A/B,keep,与2026-08-01正式复算快照一致。
paragraph:343,Normal,图4-1 传统法 vs NLP融合法识别结果韦恩图（数据来源：本研究整理）,4;1,,D,recalculate,仅在与正式复算快照或经核验的权威来源一致时保留。
paragraph:344,Normal,(2) 分业态覆盖率对比柱状图：,2,,D,recalculate,仅在与正式复算快照或经核验的权威来源一致时保留。
paragraph:345,List Paragraph,以研究划定的 9 大体育业态为横轴，识别企业数量为纵轴，构建分组并列柱状图，横向对比两类方法在不同细分业态下的识别覆盖能力。图表结果显示：在体育用品、健身休闲、体育场馆等发展成熟的传统业态中，两种方法识别规模差异极小，误差低于 5%；但针对电子竞技、体育传媒、体育彩票等新兴融合业态，两类方法识别效果呈现显著 “剪刀差”—— 融合法识别覆盖率分别达 91%、94%、55%，而传统行业代码法覆盖率均不足 2%，识别能力存在断崖式差距。,9;5%;91%;94%;55%;2%,,D,recalculate,仅在与正式复算快照或经核验的权威来源一致时保留。
paragraph:348,Normal,图4-2 分业态覆盖率对比柱状图（数据来源：本研究整理）,4;2,,D,recalculate,仅在与正式复算快照或经核验的权威来源一致时保留。
paragraph:349,Normal,(3) 跨界经营类型桑基图：,3,,D,recalculate,仅在与正式复算快照或经核验的权威来源一致时保留。
paragraph:351,List Paragraph,图表直观呈现传统统计长期遗漏的 “隐形产业带”：共有 951 家行业代码归属于无关行业的企业，经文本语义识别后被判定为体育经营主体，该部分跨界经营企业较为脱离原有行业代码分类体系，仅依靠 NLP 文本解析才能实现有效捕捉。,951,,D,recalculate,仅在与正式复算快照或经核验的权威来源一致时保留。
paragraph:353,Normal,图4-3 跨界经营类型桑基图（数据来源：本研究整理）,4;3,,D,recalculate,仅在与正式复算快照或经核验的权威来源一致时保留。
paragraph:354,Heading 3,4.1.1 实验验证方法,4.1;1,,D,recalculate,仅在与正式复算快照或经核验的权威来源一致时保留。
paragraph:356,Normal,（1）识别效果类指标,1,,D,recalculate,仅在与正式复算快照或经核验的权威来源一致时保留。
paragraph:361,Normal,（2）计算效率类指标,2,,D,recalculate,仅在与正式复算快照或经核验的权威来源一致时保留。
paragraph:364,Normal,"· 全量处理时间：处理76,687家全量企业所需的总时长，反映大规模应用的可行性。","76,687",,A/B,keep,与2026-08-01正式复算快照一致。
paragraph:365,Normal,（3）应用价值类指标,3,,D,recalculate,仅在与正式复算快照或经核验的权威来源一致时保留。
paragraph:368,Normal,表4-2 模型综合评价指标体系表,4;2,,D,recalculate,仅在与正式复算快照或经核验的权威来源一致时保留。
paragraph:369,Heading 3,4.1.2 实验数据与基线方法,4.1;2,,D,recalculate,仅在与正式复算快照或经核验的权威来源一致时保留。
paragraph:370,Normal,"实验采用76,687家企业全样本数据集，数据来源于合作单位提供的企业工商登记信息（已脱敏）。为保证实验结果的客观性和可比性，设置以下基线方法进行对比：","76,687",,A/B,keep,与2026-08-01正式复算快照一致。
paragraph:371,Normal,（1）基线一：传统行业代码法。仅依据GB/T 4754-2017行业代码，匹配19个直接体育类代码即判定为体育企业，输出二值结果。,1;4754;2017;19,,D,recalculate,仅在与正式复算快照或经核验的权威来源一致时保留。
paragraph:372,Normal,（2）基线二：纯文本匹配法。仅基于体育关键词词典进行文本匹配，不考虑行业代码，命中关键词即判定为体育企业。,2,,D,recalculate,仅在与正式复算快照或经核验的权威来源一致时保留。
paragraph:373,Normal,"（3）基线三：TF-IDF + SVM分类法。使用TF-IDF提取文本特征，训练SVM分类器进行体育企业判定（需使用1,000条标注数据训练）。","3;1,000",,D,recalculate,仅在与正式复算快照或经核验的权威来源一致时保留。
paragraph:374,Normal,（4）本文方法（NLP融合识别法）：“文本+代码”双通道融合识别法 + SportRatio多维度比重测算，阈值0.10判定为体育企业。,4;0.10,,D,recalculate,仅在与正式复算快照或经核验的权威来源一致时保留。
paragraph:375,Normal,表4-3 四种基线方法对比表,4;3,,D,recalculate,仅在与正式复算快照或经核验的权威来源一致时保留。
paragraph:378,Normal,（1）传统行业代码法是当前官方统计的标准方法，作为基准线具有最强的现实参照意义；,1,,D,recalculate,仅在与正式复算快照或经核验的权威来源一致时保留。
paragraph:379,Normal,（2）纯文本匹配法是NLP文本识别的最简形式，能够直观反映纯语义通道的识别效果；,2,,D,recalculate,仅在与正式复算快照或经核验的权威来源一致时保留。
paragraph:380,Normal,（3）TF-IDF+SVM是传统机器学习文本分类的经典方法，在产业分类研究中应用广泛，具有较强的代表性；,3,,D,recalculate,仅在与正式复算快照或经核验的权威来源一致时保留。
paragraph:381,Normal,（4）未将大模型零样本学习作为基线的主要原因是：大模型调用成本高、结果随机性强、可复现性差，不符合政府统计工作对稳定性和可追溯性的要求。,4,,D,recalculate,仅在与正式复算快照或经核验的权威来源一致时保留。
paragraph:382,Heading 3,4.1.3 实验环境配置与数据来源,4.1;3,,D,recalculate,仅在与正式复算快照或经核验的权威来源一致时保留。
paragraph:384,Normal,为确保实验具有强的可复性性，实验环境的配置如表4-4：,4;4,,D,recalculate,仅在与正式复算快照或经核验的权威来源一致时保留。
paragraph:385,Normal,表4-4 实验环境配置表,4;4,,D,recalculate,仅在与正式复算快照或经核验的权威来源一致时保留。
paragraph:388,Normal,"本研究涉及的所有统计数据均基于Python程序对76,687家企业全量样本的自动计算结果，主要统计方式包括：","76,687",,A/B,keep,与2026-08-01正式复算快照一致。
paragraph:389,Normal,（1）企业识别数量、覆盖率、跨界率等指标由程序遍历全量样本后统计得出；,1,,D,recalculate,仅在与正式复算快照或经核验的权威来源一致时保留。
paragraph:390,Normal,（2）业态结构、空间分布等分组统计通过SQL分组聚合查询完成；,2,,D,recalculate,仅在与正式复算快照或经核验的权威来源一致时保留。
paragraph:391,Normal,（3）处理速度、运行时间等性能指标通过多轮压力测试取平均值获得。,3,performance,D,remove,当前材料未提供可复核的压力测试原始记录，因此不报告平台性能数值。
paragraph:392,Heading 2,4.2 实验一：模型有效性对比实验,4.2,,D,recalculate,仅在与正式复算快照或经核验的权威来源一致时保留。
paragraph:393,Heading 3,4.2.1 实验目的,4.2;1,,D,recalculate,仅在与正式复算快照或经核验的权威来源一致时保留。
paragraph:395,Heading 3,4.2.2 实验设置,4.2;2,,D,recalculate,仅在与正式复算快照或经核验的权威来源一致时保留。
paragraph:396,Normal,"统一采用 76,687 家企业全样本数据集作为输入，分别执行两套识别规则开展对照：","76,687",,A/B,keep,与2026-08-01正式复算快照一致。
paragraph:397,Normal,（1）传统行业代码法：仅将工商登记行业代码匹配19类直接体育行业代码的企业判定为体育企业，输出二值化判定结果（“0”为“非体育”，“1”为“体育”），无法量化业务占比；,1;19;0;1,,D,recalculate,仅在与正式复算快照或经核验的权威来源一致时保留。
paragraph:398,Normal,（2）NLP融合识别法：依托前文构建的四层置信度规则与SportRatio加权测算模型，设置综合得分阈值 0.10，即判定为体育企业，输出0~1区间连续业务占比，并同步拆分单企业多条业务线、区分跨界经营主体。,2;0.10;0;1,,D,recalculate,仅在与正式复算快照或经核验的权威来源一致时保留。
paragraph:399,Heading 3,4.2.3 实验结果与分析,4.2;3,,D,recalculate,仅在与正式复算快照或经核验的权威来源一致时保留。
paragraph:400,Normal,"由表4-1量化数据与图4-1韦恩图可得：传统行业代码法仅识别出8,016家体育企业，整体识别覆盖率为10.45%；本文NLP融合识别法共识别8,950家体育企业，覆盖率提升至11.67%，新增有效识别企业934家，整体识别规模提升11.7%。","4;1;4;1;8,016;10.45%;8,950;11.67%;934;11.7%",,D,recalculate,仅在与正式复算快照或经核验的权威来源一致时保留。
paragraph:404,Normal,图4-4 传统法 vs NLP融合法关键指标可视化对比（数据来源：本研究整理）,4;4,,D,recalculate,仅在与正式复算快照或经核验的权威来源一致时保留。
paragraph:405,Heading 3,4.2.4 多方法效果对比分析,4.2;4,,D,recalculate,仅在与正式复算快照或经核验的权威来源一致时保留。
paragraph:407,Normal,（1）识别精确率对比：在随机抽取的500家企业人工复核样本上，本文方法的F1值（F1-score）达到0.87（精确率（Precision）0.92、召回率（Recall）0.83），优于传统行业代码法（F1为0.72，精确率（Precision）0.95但召回率（Recall）仅0.58）和纯文本匹配法（F1为0.75，精确率（Precision）0.68、召回率（Recall）0.84）。TF-IDF+SVM方法的F1值（F1-score）为0.80，介于纯文本法和本文方法之间。NLP融合识别法的优势在于通过“文本+代码”双通道融合，同时保持了较高的精确率（Precision）和召回率（Recall）。,1;500;0.87;0.92;0.83;0.72;0.95;0.58;0.75;0.68;0.84;0.80,evaluation,D,remove,当前工作区未提供逐条人工金标准、预测分数或标注者记录，不报告准确率、AUC、Kappa、Pearson相关系数等指标。
paragraph:408,Normal,"验证样本构建说明：本次精确率验证采用分层随机抽样方法，从76,687家全样本企业中抽取500家作为人工复核样本。","76,687;500",evaluation,D,remove,当前工作区未提供逐条人工金标准、预测分数或标注者记录，不报告准确率、AUC、Kappa、Pearson相关系数等指标。
paragraph:409,Normal,抽样策略为：其一，按业态类型分层（9大业态各抽取不少于30家），其二，按置信度分层（高/中/低置信度分别抽取200/200/100家），确保样本覆盖各业态和各置信度区间，避免抽样偏差。,9;30;200;200;100,,D,recalculate,仅在与正式复算快照或经核验的权威来源一致时保留。
paragraph:410,Normal,表4-5 验证样本分层抽样构成表,4;5,,D,recalculate,仅在与正式复算快照或经核验的权威来源一致时保留。
paragraph:412,Normal,标注标准与质量控制：标注工作由两名具备体育产业统计经验的研究人员独立完成，标注标准基于《国家体育产业统计分类（2019）》制定，包含19个直接体育类目和17个相关类目的判定细则。标注完成后进行交叉校验，不一致样本由第三名研究人员仲裁。经计算，两名标注者的Cohen's Kappa系数为0.87，表明标注一致性良好。最终标注结果以仲裁后一致意见为准。,2019;19;17;0.87,evaluation,D,remove,当前工作区未提供逐条人工金标准、预测分数或标注者记录，不报告准确率、AUC、Kappa、Pearson相关系数等指标。
paragraph:413,Normal,此外，为进一步验证模型的泛化能力，本研究补充了5折参数敏感性分析实验：将全样本随机分为5组，轮流以4组为校准样本（用于词典优化和阈值校准）、1组为验证样本，重复5次实验取平均值。参数敏感性分析结果显示，F1值（F1-score）的标准差为0.012，表明模型性能稳定，不存在严重过拟合问题。,5;5;4;1;5;0.012,evaluation,D,remove,当前工作区未提供逐条人工金标准、预测分数或标注者记录，不报告准确率、AUC、Kappa、Pearson相关系数等指标。
paragraph:414,Normal,表4-6 参数敏感性分析结果,4;6,,D,recalculate,仅在与正式复算快照或经核验的权威来源一致时保留。
paragraph:416,Normal,（2）计算效率对比：,2,,D,recalculate,仅在与正式复算快照或经核验的权威来源一致时保留。
paragraph:417,Normal,"· NLP融合识别法（本文方法）的处理速度达6,325条/秒，全量76,687家企业仅需约12秒；","6,325;76,687;12",performance,D,remove,当前材料未提供可复核的压力测试原始记录，因此不报告平台性能数值。
paragraph:418,Normal,"· 传统行业代码法最快（查表操作，约20,000条/秒），但功能有限；","20,000",performance,D,remove,当前材料未提供可复核的压力测试原始记录，因此不报告平台性能数值。
paragraph:419,Normal,"· 纯文本匹配法与本文方法效率相当（约5,800条/秒）；","5,800",performance,D,remove,当前材料未提供可复核的压力测试原始记录，因此不报告平台性能数值。
paragraph:420,Normal,· TF-IDF+SVM方法因需特征提取和模型推理，处理速度约800条/秒，全量处理需约96秒。,800;96,performance,D,remove,当前材料未提供可复核的压力测试原始记录，因此不报告平台性能数值。
paragraph:422,Normal,（3）可解释性对比：,3,,D,recalculate,仅在与正式复算快照或经核验的权威来源一致时保留。
paragraph:427,Normal,（4）跨界发现能力对比：,4,,D,recalculate,仅在与正式复算快照或经核验的权威来源一致时保留。
paragraph:428,Normal,· 本文方法识别出977家跨界经营企业（纯跨界951家+潜在跨界26家），,977;951;26,,D,recalculate,仅在与正式复算快照或经核验的权威来源一致时保留。
paragraph:429,Normal,"· 纯文本匹配法发现约1,050家（但误报率较高），","1,050",,D,recalculate,仅在与正式复算快照或经核验的权威来源一致时保留。
paragraph:430,Normal,· 传统行业代码法的跨界发现能力为0，,0,,D,recalculate,仅在与正式复算快照或经核验的权威来源一致时保留。
paragraph:431,Normal,· TF-IDF+SVM方法发现约820家。,820,,D,recalculate,仅在与正式复算快照或经核验的权威来源一致时保留。
paragraph:432,Normal,本文方法在保证精确率（Precision）的前提下实现了跨界发现能力（与传统行业代码法相比）从0到977的显著提升。,0;977,evaluation,D,remove,当前工作区未提供逐条人工金标准、预测分数或标注者记录，不报告准确率、AUC、Kappa、Pearson相关系数等指标。
paragraph:433,Normal,"综合来看，本文提出的“文本+代码”双通道融合方法在识别精确率（F1=0.87）、跨界发现能力（977家）和可解释性（较为可追溯）三个核心维度上综合表现较为突出，同时保持了较高的处理效率（6,325条/秒），是体育产业统计场景下的综合较好方案。","0.87;977;6,325",evaluation;performance,D,remove,当前工作区未提供逐条人工金标准、预测分数或标注者记录，不报告准确率、AUC、Kappa、Pearson相关系数等指标。
paragraph:435,Normal,针对977家跨界经营企业的识别结果，本研究通过三重验证确保结果可靠性：,977,,A/B,keep,与2026-08-01正式复算快照一致。
paragraph:436,Normal,（1）人工抽样核验，从977家中随机抽取100家进行人工复核，精确率（Precision）达0.89，表明误判率控制在较低水平；,1;977;100;0.89,evaluation,D,remove,当前工作区未提供逐条人工金标准、预测分数或标注者记录，不报告准确率、AUC、Kappa、Pearson相关系数等指标。
paragraph:437,Normal,（2）与行业代码法进行交集分析，977家中有26家企业的行业代码属于体育相关大类（潜在跨界），其余951家为纯跨界企业（行业代码非体育类但实际从事体育业务），两者形成互补关系；,2;977;26;951,,D,recalculate,仅在与正式复算快照或经核验的权威来源一致时保留。
paragraph:438,Normal,"（3）进行企业名称与业务范围的语义一致性校验，排除""挂羊头卖狗肉""式的虚假注册。",3,,D,recalculate,仅在与正式复算快照或经核验的权威来源一致时保留。
paragraph:439,Normal,上述验证表明，977家跨界企业的识别结果具有较高的可信度。,977,,A/B,keep,与2026-08-01正式复算快照一致。
paragraph:441,Normal,表4-7 四种识别方法多维度效果对比表,4;7,,D,recalculate,仅在与正式复算快照或经核验的权威来源一致时保留。
paragraph:443,Normal,图4-5 四种识别方法多维度性能对比（数据来源：本研究整理）,4;5,,D,recalculate,仅在与正式复算快照或经核验的权威来源一致时保留。
paragraph:444,Heading 2,4.3 实验二：业态结构分析,4.3,,D,recalculate,仅在与正式复算快照或经核验的权威来源一致时保留。
paragraph:445,Heading 3,4.3.1 实验目的,4.3;1,,D,recalculate,仅在与正式复算快照或经核验的权威来源一致时保留。
paragraph:446,Normal,基于融合模型全样本识别结果，解构体育产业九大细分业态的规模结构、企业数量、跨界经营特征，区分传统成熟业态与新兴融合业态的统计适配差异，揭示现行GB/T 4754-2017行业分类标准的滞后性问题，为融合识别框架的应用价值提供分业态实证支撑。,4754;2017,,D,recalculate,仅在与正式复算快照或经核验的权威来源一致时保留。
paragraph:447,Heading 3,4.3.2 实验数据与指标说明,4.3;2,,D,recalculate,仅在与正式复算快照或经核验的权威来源一致时保留。
paragraph:448,Normal,"以 8,950 家识别出的体育企业为研究对象，按照 9 大体育业态词典标签完成归类（业态划分参照《国家体育产业统计分类（2019）》并结合四川省实际调整），统计各业态产出指数、产业占比、企业数量、跨界经营比例，并依据跨界率划分三类特征标签：正常（＜20%）、较高（20%~50%）、极高（＞50%），统计汇总结果如表 4-2 所示。","8,950;9;2019;20%;20%;50%;50%;4;2",output_value,D,recalculate,仅在与正式复算快照或经核验的权威来源一致时保留。
paragraph:449,Normal,表4-8 体育产业9大业态结构分析,4;8;9,,D,recalculate,仅在与正式复算快照或经核验的权威来源一致时保留。
paragraph:451,Heading 3,4.3.3 实验结果与分析,4.3;3,,D,recalculate,仅在与正式复算快照或经核验的权威来源一致时保留。
paragraph:452,Normal,结合业态结构饼图（图 4-2）、业态规模气泡图（图 4-3）、各业态跨界率对比图（图 4-4）综合分析，当前体育产业呈现 “两大传统业态主导、中端业态跨界显现、新兴业态全面脱标” 的分层结构。,4;2;4;3;4;4,,D,recalculate,仅在与正式复算快照或经核验的权威来源一致时保留。
paragraph:453,Normal,"（1）成熟传统业态：体育用品、健身休闲、体育培训、体育场馆四类业态跨界率均低于10%，行业分类匹配度高。其中体育用品业态产出指数171,922，产业占比 29.69%，位居全业态首位，完整覆盖器材制造、零售、配套服务全链条，绝大多数企业登记专属体育行业代码，传统统计漏损极少；健身休闲业态企业数量最多（3,134 家），经营边界清晰，适配现有统计规则。两类业态合计产出占比超 56%，是体育产业核心支柱。","1;10%;171,922;29.69%;3,134;56%",output_value,D,recalculate,仅在与正式复算快照或经核验的权威来源一致时保留。
paragraph:454,Normal,（2）中高跨界中端业态：体育赛事、体育管理跨界率介于20%~50%的区间。虽然体育赛事产出规模位列第三，但36.1%的企业属于跨界注册，大量马拉松运营、赛事策划、赛事营销企业以文化传播、商务咨询、广告类行业代码登记，是传统统计体系主要漏统板块；体育管理涵盖体育旅游、体育咨询等融合业务，同样存在一定规模跨界主体。,2;20%;50%;36.1%,,D,recalculate,仅在与正式复算快照或经核验的权威来源一致时保留。
paragraph:455,Normal,（3）高跨界新兴业态：电子竞技、体育传媒、体育彩票跨界率均进展90%，属于极高跨界业态。根源在于GB/T 4754-2017国民经济行业分类发布较早，未针对电竞、体育新媒体、赛事融媒体等新兴业态设置独立分类条目，相关市场主体大部分依托文旅、互联网、娱乐类非体育代码注册，仅依靠NLP文本关键词识别才可被捕捉，是传统统计较为覆盖不到的产业增量。,3;90%;4754;2017,,D,recalculate,仅在与正式复算快照或经核验的权威来源一致时保留。
paragraph:457,Normal,图4-6 体育产业业态结构饼图（数据来源：本研究整理）,4;6,,D,recalculate,仅在与正式复算快照或经核验的权威来源一致时保留。
paragraph:459,Normal,图4-7 各业态跨界经营率对比——新兴业态与传统业态的巨大差异（数据来源：本研究整理）,4;7,,D,recalculate,仅在与正式复算快照或经核验的权威来源一致时保留。
paragraph:461,Normal,"图4-8 业态规模对比气泡图（X=企业数, Y=产出指数, 气泡大小=总规模）（数据来源：本研究整理）",4;8,output_value,D,recalculate,仅在与正式复算快照或经核验的权威来源一致时保留。
paragraph:463,Normal,图4-9 各业态跨界经营率对比——新兴业态与传统业态的巨大差异（数据来源：本研究整理）,4;9,,D,recalculate,仅在与正式复算快照或经核验的权威来源一致时保留。
paragraph:464,Heading 3,4.3.4 实验结论,4.3;4,,D,recalculate,仅在与正式复算快照或经核验的权威来源一致时保留。
paragraph:465,Normal,体育产业存在清晰的新旧双轨统计结构：传统成熟业态与现行行业代码体系高度匹配，跨界经营占比低，传统统计方法可有效覆盖；电竞、体育传媒等新兴业态与现有分类标准脱节，跨界率超90%，只能依托文本语义识别完成统计捕捉。,90%,,D,recalculate,仅在与正式复算快照或经核验的权威来源一致时保留。
paragraph:467,Heading 2,4.4 实验三：空间分布特征分析,4.4,,D,recalculate,仅在与正式复算快照或经核验的权威来源一致时保留。
paragraph:468,Heading 3,4.4.1 实验目的,4.4;1,,D,recalculate,仅在与正式复算快照或经核验的权威来源一致时保留。
paragraph:470,Heading 3,4.4.2 实验指标说明,4.4;2,,D,recalculate,仅在与正式复算快照或经核验的权威来源一致时保留。
paragraph:471,Normal,选取产业集聚经典测算指标：CR3（前三大区域产出集中度）、CR5（前五大区域产出集中度）、HHI 赫芬达尔指数、简化基尼系数。简化基尼系数基于各地市产出排序后离散公式测算，数值越接近1代表区域不均衡程度越高。。,1,concentration,D,recalculate,仅在与正式复算快照或经核验的权威来源一致时保留。
paragraph:475,Normal,表4-9 区域体育产业产出TOP10排名,4;9;0,,D,recalculate,仅在与正式复算快照或经核验的权威来源一致时保留。
paragraph:477,Heading 3,4.4.3 实验结果与分析,4.4;3,,D,recalculate,仅在与正式复算快照或经核验的权威来源一致时保留。
paragraph:479,Normal,"从 TOP10 区域数据可见，成都市作为核心中心城市，体育产业产出指数 237695，占全省有效产出总量约41%，体育企业 3,704 家。第二梯队城市依次为绵阳市（208家，产出指数 13636）、宜宾市（188家，产出指数 11993）、泸州市（189家）、乐山市（159家）。成都市与第二梯队城市之间存在数量级的差距，反映了省会城市的强大集聚效应与外围城市的产业薄弱并存的空间格局。","0;237695;41%;3,704;208;13636;188;11993;189;159",output_value,D,recalculate,仅在与正式复算快照或经核验的权威来源一致时保留。
paragraph:481,Normal,图4-10 区域体育产业产出TOP10柱状图（数据来源：本研究整理）,4;10;0,,D,recalculate,仅在与正式复算快照或经核验的权威来源一致时保留。
paragraph:483,Normal,图4-11 各区域体育企业平均产出效率对比（数据来源：本研究整理）,4;11,,D,recalculate,仅在与正式复算快照或经核验的权威来源一致时保留。
paragraph:484,Heading 3,4.4.4 实验结论,4.4;4,,D,recalculate,仅在与正式复算快照或经核验的权威来源一致时保留。
paragraph:486,Heading 2,4.5 实验四：置信度与鲁棒性分析,4.5,,D,recalculate,仅在与正式复算快照或经核验的权威来源一致时保留。
paragraph:487,Heading 3,4.5.1 实验目的,4.5;1,,D,recalculate,仅在与正式复算快照或经核验的权威来源一致时保留。
paragraph:489,Heading 3,4.5.2 分层划分标准,4.5;2,,D,recalculate,仅在与正式复算快照或经核验的权威来源一致时保留。
paragraph:490,Normal,1. 高置信度：置信度≥0.90；,1;0.90,,D,recalculate,仅在与正式复算快照或经核验的权威来源一致时保留。
paragraph:491,Normal,2. 中置信度：0.70≤置信度≤0.89；,2;0.70;0.89,,D,recalculate,仅在与正式复算快照或经核验的权威来源一致时保留。
paragraph:492,Normal,3. 低置信度：0.50≤置信度≤0.69。,3;0.50;0.69,,D,recalculate,仅在与正式复算快照或经核验的权威来源一致时保留。
paragraph:493,Heading 3,4.5.3 实验结果与分析,4.5;3,,D,recalculate,仅在与正式复算快照或经核验的权威来源一致时保留。
paragraph:494,Normal,结合置信度分布图（图 4-7）、业务占比直方图（图 4-8）、置信度 - 业务占比散点图（图 4-9）分析：,4;7;4;8;4;9,,D,recalculate,仅在与正式复算快照或经核验的权威来源一致时保留。
paragraph:495,Normal,"（1）高置信度样本共 5,286 家，占体育企业总量 58.6%，该类企业同时具备体育行业代码 + 多条体育文本关键词双重判定依据，识别证据充分，判定结果稳定可靠；","1;5,286;58.6%",,D,recalculate,仅在与正式复算快照或经核验的权威来源一致时保留。
paragraph:496,Normal,"（2）中置信度样本共 2,786 家，占比30.9%，仅依靠单一证据支撑（仅行业代码或仅文本关键词），判定可靠性中等；","2;2,786;30.9%",,D,recalculate,仅在与正式复算快照或经核验的权威来源一致时保留。
paragraph:497,Normal,（3）低置信度样本共 951 家，占比10.5%，大部分为纯跨界经营企业，无匹配体育行业代码，较为依靠文本语义特征识别，是模型新增的核心增量样本。,3;951;10.5%,,D,recalculate,仅在与正式复算快照或经核验的权威来源一致时保留。
paragraph:498,Normal,从业务占比分布来看，整体 SportRatio 分值均值 0.65，分布整体右偏；低置信度样本大部分为跨界企业，虽置信水平偏低，但属于传统统计较为遗漏的产业主体，具备极高统计价值。,0.65,,D,recalculate,仅在与正式复算快照或经核验的权威来源一致时保留。
paragraph:500,Normal,图4-12 体育企业识别置信度分布（数据来源：本研究整理）,4;12,,D,recalculate,仅在与正式复算快照或经核验的权威来源一致时保留。
paragraph:502,Normal,图4-13 体育企业业务占比分布直方图（数据来源：本研究整理）,4;13,,D,recalculate,仅在与正式复算快照或经核验的权威来源一致时保留。
paragraph:504,Normal,图4-14 体育企业置信度-占比关系散点图（数据来源：本研究整理）,4;14,,D,recalculate,仅在与正式复算快照或经核验的权威来源一致时保留。
paragraph:505,Heading 3,4.5.4 实验结论,4.5;4,,D,recalculate,仅在与正式复算快照或经核验的权威来源一致时保留。
paragraph:507,Heading 2,4.6 实验结果综合讨论,4.6,,D,recalculate,仅在与正式复算快照或经核验的权威来源一致时保留。
paragraph:509,Normal,（1）NLP技术引入产业统计具有明确的有效性。融合法在识别覆盖率（+11.7%）、跨界发现（977家）、新兴业态覆盖（>90%）等关键维度上均优于传统法，全维度实验数据一致支持这一结论。,1;11.7%;977;90%,,D,recalculate,仅在与正式复算快照或经核验的权威来源一致时保留。
paragraph:510,Normal,（2）体育产业存在 “成熟业态 - 新兴业态” 双轨统计结构。传统成熟业态可被现有行业分类体系覆盖，跨界率不足 10%；电竞、体育传媒等新兴业态跨界率超 90%，现行GB/T 4754-2017分类标准无法适配，必须依靠文本挖掘技术补齐统计缺口，为行业分类标准迭代、统计方法改革提供实证依据。,2;10%;90%;4754;2017,,D,recalculate,仅在与正式复算快照或经核验的权威来源一致时保留。
paragraph:511,Normal,（3）空间分布极度不均是制约产业发展的结构性因素。成都单城约41%的产出集中度既是发展成就的体现，也是发展不均衡的信号，需要进行政策层面的干预和引导。,3;41%,,D,recalculate,仅在与正式复算快照或经核验的权威来源一致时保留。
paragraph:512,Normal,（4）模型置信度分层为统计实践提供了可操作的决策框架。对高置信度结果可以直接采信，对低置信度结果建议纳入人工复核流程，实现效率与质量的平衡。,4,,D,recalculate,仅在与正式复算快照或经核验的权威来源一致时保留。
paragraph:514,Normal,（1）体育产业统计核算。通过精准识别体育业务边界、量化企业体育业务比重，为体育产业GDP核算提供更准确的微观数据基础，修正传统统计方法造成的体量低估问题。,1,,D,recalculate,仅在与正式复算快照或经核验的权威来源一致时保留。
paragraph:515,Normal,（2）产业政策制定。基于业态结构分析和空间分布特征，可为体育产业规划、区域布局优化、扶持资金精准投放提供数据支撑，提升政策制定的科学性和靶向性。,2,,D,recalculate,仅在与正式复算快照或经核验的权威来源一致时保留。
paragraph:516,Normal,（3）体育产业普查。本方法可作为全国体育产业普查的辅助工具，快速完成大规模企业的初步筛查和分类，大幅降低普查的人力成本和时间成本。,3,,D,recalculate,仅在与正式复算快照或经核验的权威来源一致时保留。
paragraph:517,Normal,（4）企业画像与服务。通过对企业体育业务的精细化识别，可为金融机构、投资机构、产业园区提供企业体育属性画像，服务于企业融资、招商引智、精准营销等场景。,4,,D,recalculate,仅在与正式复算快照或经核验的权威来源一致时保留。
paragraph:518,Normal,（5）统计制度完善。研究发现的业态边界模糊、跨界经营普遍等问题，可为国民经济行业分类标准的修订完善提供实证依据，推动统计制度与时俱进。,5,,D,recalculate,仅在与正式复算快照或经核验的权威来源一致时保留。
paragraph:521,Heading 2,5.1 研判方法与数据基础,5.1,,D,recalculate,仅在与正式复算快照或经核验的权威来源一致时保留。
paragraph:522,Normal,"本章基于76,687家企业的成立时间、业态分布、区域布局等多维度数据，采用时间序列趋势外推、业态增长矩阵分析、区域空间演化模型等方法，从总量增长、业态转型、空间演化三个维度对体育产业未来3-5年的发展趋势进行系统研判。研判的数据基础包括：企业注册时间序列（2015-2024年）、9大业态的企业数量与产出指数、21个地市州的空间分布数据等。","76,687;3;5;2015;2024;9;21",forecast;output_value,D,rewrite_as_scope,现有数据为单一时间截面，仅能描述当前样本结构，不能据此作确定性趋势预测。
paragraph:523,Heading 2,5.2 产业总量增长趋势,5.2,forecast,D,rewrite_as_scope,现有数据为单一时间截面，仅能描述当前样本结构，不能据此作确定性趋势预测。
paragraph:524,Normal,基于四川省市场监督管理局企业信用信息公示系统企业登记成立数据开展时序回溯分析，结果显示四川省体育产业市场主体规模长期保持扩张趋势。结合历史存量数据与政策驱动情景，从市场主体数量、产业产出规模和企业主体质量三个维度展开分析预测，详见表 5-1。,5;1,forecast,D,rewrite_as_scope,现有数据为单一时间截面，仅能描述当前样本结构，不能据此作确定性趋势预测。
paragraph:525,Normal,"（1）企业数量持续快速增长。2020-2024年，全省体育产业企业数量从约5,000家增长至近9,000家，五年翻番。展望未来3-5年，在《体育强国建设纲要》（国办发〔2019〕40号）和《“健康中国2030”规划纲要》战略的持续推动下，预计年均增速将保持在10%-15%区间，到2028年全省体育产业企业数量有望进展15,000家。","1;2020;2024;5,000;9,000;3;5;2019;40;2030;10%;15%;2028;15,000",forecast,D,rewrite_as_scope,现有数据为单一时间截面，仅能描述当前样本结构，不能据此作确定性趋势预测。
paragraph:526,Normal,（2）产业规模加速扩张。随着识别方法的改进和统计口径的完善，体育产业总产出规模将呈现“存量修正+增量增长”的双重扩张态势。保守估算，仅跨界经营企业的规模补全即可使全省体育产业总产出增加约6亿元，叠加自然增长因素，未来五年产业总规模有望实现年均15%以上的增长。,2;6;15%,economic_benefit;output_value,D,rewrite_as_scope,系统具备减少重复统计作业的潜力，实际经济效益需结合部署范围、人员工时和成本台账另行评估。
paragraph:527,Normal,（3）市场主体结构持续优化。从企业注册资本和成立年限来看，体育产业正在经历从“数量扩张”向“质量提升”的转型。注册资本500万元以上的中大型企业占比逐年提升，成立5年以上的成熟企业比例稳步增长，产业发展的内生动力不断增强。,3;500;5,economic_benefit,D,rewrite_as_scope,系统具备减少重复统计作业的潜力，实际经济效益需结合部署范围、人员工时和成本台账另行评估。
paragraph:528,Normal,表5-1 体育产业总量增长趋势预测表,5;1,forecast,D,rewrite_as_scope,现有数据为单一时间截面，仅能描述当前样本结构，不能据此作确定性趋势预测。
paragraph:531,Normal,图5-1 体育产业总量增长趋势图（2020-2028）（数据来源：本研究整理）,5;1;2020;2028,forecast,D,rewrite_as_scope,现有数据为单一时间截面，仅能描述当前样本结构，不能据此作确定性趋势预测。
paragraph:532,Heading 2,5.3 业态结构转型趋势,5.3,forecast,D,rewrite_as_scope,现有数据为单一时间截面，仅能描述当前样本结构，不能据此作确定性趋势预测。
paragraph:534,Normal,（1）新兴业态占比持续提升。电子竞技、体育传媒、体育数字化等新兴业态企业数量年均增速超过25%，远高于传统业态5%-8%的增速。预计到2028年，新兴业态企业数量占比将从当前的约20%提升至35%以上，成为驱动产业增长的核心引擎。,1;25%;5%;8%;2028;20%;35%,forecast,D,rewrite_as_scope,现有数据为单一时间截面，仅能描述当前样本结构，不能据此作确定性趋势预测。
paragraph:535,Normal,（2）跨界融合程度不断加深。体育与科技、文化、旅游、健康等领域的融合持续深化，跨界经营企业比例将从当前的10.9%逐步提升至15%-20%。业态边界模糊化、企业经营多元化将成为常态，对产业统计方法的适应性提出更高要求。,2;10.9%;15%;20%,,D,recalculate,仅在与正式复算快照或经核验的权威来源一致时保留。
paragraph:536,Normal,（3）服务业态占比稳步上升。从“制造主导”向“服务主导”转型是体育产业结构升级的重要方向。体育服务类企业（健身休闲、竞赛表演、培训教育、中介服务等）占比将持续提升，预计到2028年服务业态企业数量占比将超过60%，产业附加值水平同步提高。,3;2028;60%,forecast,D,rewrite_as_scope,现有数据为单一时间截面，仅能描述当前样本结构，不能据此作确定性趋势预测。
paragraph:537,Normal,表5-2 体育产业业态结构演变趋势预测,5;2,forecast,D,rewrite_as_scope,现有数据为单一时间截面，仅能描述当前样本结构，不能据此作确定性趋势预测。
paragraph:540,Normal,图5-2 体育产业业态结构演变趋势对比（数据来源：本研究整理）,5;2,forecast,D,rewrite_as_scope,现有数据为单一时间截面，仅能描述当前样本结构，不能据此作确定性趋势预测。
paragraph:541,Heading 2,5.4 空间格局演化趋势,5.4,forecast,D,rewrite_as_scope,现有数据为单一时间截面，仅能描述当前样本结构，不能据此作确定性趋势预测。
paragraph:543,Normal,（1）成都核心地位进一步强化。成都作为省会城市，在体育资源、消费能力、产业基础等方面具有压倒性优势。预计未来3-5年成都体育产业企业数量占比仍将维持在40-45%的高位，同时产业层级向高端化、总部化方向升级，研发设计、品牌运营、赛事组织等高端功能进一步集聚。,1;3;5;40;45%,forecast,D,rewrite_as_scope,现有数据为单一时间截面，仅能描述当前样本结构，不能据此作确定性趋势预测。
paragraph:544,Normal,（2）区域副中心加速崛起。绵阳、德阳、宜宾等经济基础较好的区域中心城市，体育产业增速有望超过全省平均水平，逐步形成区域增长极。特别是川南经济区（宜宾、泸州）和川东北经济区（南充、达州），随着区域经济的发展和体育消费的释放，后发优势将逐步显现。,2,,D,recalculate,仅在与正式复算快照或经核验的权威来源一致时保留。
paragraph:545,Normal,（3）特色体育产业带逐步形成。依托各地资源禀赋，将逐步形成若干特色体育产业带：川西高原户外运动产业带、川南水上运动产业带、川东北山地运动产业带等。特色化、差异化发展将成为区域体育产业竞争的新赛道，避免同质化竞争。,3,,D,recalculate,仅在与正式复算快照或经核验的权威来源一致时保留。
paragraph:546,Normal,（4）城乡差距有望逐步缩小。随着乡村振兴战略的推进和体育公共服务均等化的落实，县域体育产业将迎来发展机遇。体育休闲、乡村体育旅游等业态将在县域层面快速发展，一定程度上缓解体育资源过度集中于中心城市的空间失衡问题。,4,,D,recalculate,仅在与正式复算快照或经核验的权威来源一致时保留。
paragraph:547,Heading 2,5.5 趋势研判的政策启示,5.5,forecast,D,rewrite_as_scope,现有数据为单一时间截面，仅能描述当前样本结构，不能据此作确定性趋势预测。
paragraph:553,Heading 2,6.1 可视化平台设计与实现,6.1,,D,recalculate,仅在与正式复算快照或经核验的权威来源一致时保留。
paragraph:554,Normal,本研究同步实现了完整的Web端可视化平台作为模型落地的技术原型。系统采用前后端分离的现代化架构：后端基于Python FastAPI框架提供RESTful API服务（39个端点），集成了数据管理、NLP处理、体育识别、比重测算、产业分析、报告生成等全功能模块；前端基于Vue 3 + Element Plus + ECharts技术栈，提供五大功能页面和交互式数据可视化。,39;3,,D,recalculate,仅在与正式复算快照或经核验的权威来源一致时保留。
paragraph:556,Normal,图6-1 系统架构图（数据来源：本研究整理）,6;1,,D,recalculate,仅在与正式复算快照或经核验的权威来源一致时保留。
paragraph:559,Normal,（1）结果下钻：用户可从全省体育产业总览逐层下钻至区域→业态→企业个体，查看每家企业的体育业务线明细、关键词命中证据链和置信度评分，实现从宏观到微观的全层级数据探索。,1,,D,recalculate,仅在与正式复算快照或经核验的权威来源一致时保留。
paragraph:560,Normal,（2）区域筛选与对比：基于地图组件（ECharts Map）呈现体育产业空间分布热力图，支持多区域勾选对比，实时计算选定区域的CR3/CR5集中度、HHI指数等空间集聚指标。,2,concentration,D,recalculate,仅在与正式复算快照或经核验的权威来源一致时保留。
paragraph:561,Normal,（3）业态交叉分析：支持按9大业态进行多维度交叉筛选——用户可同时筛选“高跨界率+低产出指数”的业态组合，快速定位统计盲区和政策关注重点。,3;9,output_value,D,recalculate,仅在与正式复算快照或经核验的权威来源一致时保留。
paragraph:562,Normal,（4）动态可视化呈现：包括产业空间分布热力图（渐变着色反映产出密度）、业态结构桑基图（展示企业从行业代码到体育业态的流向关系）、跨界经营类型下钻饼图（纯跨界/潜在跨界/多元经营三级分类）。,4,,D,recalculate,仅在与正式复算快照或经核验的权威来源一致时保留。
paragraph:563,Normal,（5）置信度过滤与复核标记：支持按置信度层级（高/中/低）筛选企业列表，为低置信度企业提供人工复核标注界面，复核结果可实时回写数据库并更新统计汇总。,5,,D,recalculate,仅在与正式复算快照或经核验的权威来源一致时保留。
paragraph:564,Normal,（6）报告自动生成：基于识别和测算结果，一键生成包含产业总览、业态结构、空间分布、跨界分析、政策建议等模块的标准化统计分析报告（PDF/Word格式）。,6,,D,recalculate,仅在与正式复算快照或经核验的权威来源一致时保留。
paragraph:566,Normal,图5-2 业务流程图（数据来源：本研究整理）,5;2,,D,recalculate,仅在与正式复算快照或经核验的权威来源一致时保留。
paragraph:568,Normal,（1）轻量级——Python脚本+CSV输出，仅需8GB RAM，适合单次学术分析；,1;8,,D,recalculate,仅在与正式复算快照或经核验的权威来源一致时保留。
paragraph:569,Normal,（2）标准级——FastAPI+Vue+MySQL，支持Web操作和数据持久化，适合市县级统计部门；,2,,D,recalculate,仅在与正式复算快照或经核验的权威来源一致时保留。
paragraph:570,Normal,（3）企业级——Docker容器化+云数据库+Nginx负载均衡，适合省级大规模多部门协同。,3,,D,recalculate,仅在与正式复算快照或经核验的权威来源一致时保留。
paragraph:571,Normal,基于76687家企业全样本仿真测算：平台自动识别与报表生成功能可将全域产业统计报表编制周期由传统人工 2-3 天压缩至半天，理论效率提升约60%；模型智能过滤可将人工复核企业规模由5000家缩减至1200家，核查工作量理论下降70%。后续计划交付四川省体育局开展实地试点试用，同步收集业务人员使用反馈优化迭代平台功能。,76687;2;3;60%;5000;1200;70%,,D,recalculate,仅在与正式复算快照或经核验的权威来源一致时保留。
paragraph:573,Normal,平台运行测试效果：基于 76687 家企业全样本数据集完成本地仿真性能校验，平台页面、图表、多维度查询模块响应速度均可适配政务统计业务使用场景：页面平均加载 1.2s，图表渲染＜0.8s，单条件查询＜2s，多条件复合查询＜5s。通过本地工具模拟50人并发访问场景，系统运行稳定无卡顿，理论上可支撑多岗位统计人员同步开展数据研判工作。后续部署至体育局业务服务器后，将开展真实业务环境下的全量并发压力测试，进一步优化系统承载性能。,76687;1.2;0.8;2;5;50,performance,D,remove,当前材料未提供可复核的压力测试原始记录，因此不报告平台性能数值。
paragraph:574,Normal,表6-1 平台性能测试结果汇总表,6;1,,D,recalculate,仅在与正式复算快照或经核验的权威来源一致时保留。
paragraph:575,Heading 2,6.2 三层融合统计体系,6.2,,D,recalculate,仅在与正式复算快照或经核验的权威来源一致时保留。
paragraph:577,Normal,表6-2 三层融合统计体系架构,6;2,,D,recalculate,仅在与正式复算快照或经核验的权威来源一致时保留。
paragraph:578,Heading 2,6.3 模型局限性与改进方案,6.3,,D,recalculate,仅在与正式复算快照或经核验的权威来源一致时保留。
paragraph:579,Normal,（1）地域适用性局限。本研究的数据样本来源于四川省企业，模型的阈值设定、词典构建、业态分类等均基于四川省体育产业发展实际情况。由于不同地区的产业结构、经济发展水平、企业登记习惯存在差异，模型在其他省份的直接适用性尚未得到验证。若推广至全国范围，建议针对各地区特点进行词典补充与阈值校准。,1,,D,recalculate,仅在与正式复算快照或经核验的权威来源一致时保留。
paragraph:581,Normal,"（1）局限一（文本理解深度不足）：当前基于词典匹配的规则方法属于浅层语义匹配，无法深入理解文本上下文含义，也不能处理隐喻、反讽、否定语句等复杂语言现象，对于长文本的整体语义把握能力有限。在处理语义复杂、表述隐晦的文本时存在漏检风险。例如，“组织群众体育健身活动”虽然明确属于体育业务，但若文本中不包含词典中的精确关键词，可能被漏检；“非体育用品”等否定表述也可能被误判为体育业务。改进方案：引入BERT等预训练语言模型，通过半规则匹配微调，提升对“隐性”体育业务的语义理解能力。建议分两步走——先积累1,000-2,000条人工标注数据，再训练微调模型。","1;1,000;2,000",evaluation,D,remove,当前工作区未提供逐条人工金标准、预测分数或标注者记录，不报告准确率、AUC、Kappa、Pearson相关系数等指标。
paragraph:582,Normal,"（2）局限二（比重模型缺乏真值校准）：四维度加权模型属于无监督估算，各维度的权重基于AHP层次分析与实证校准（0.40, 0.25, 0.25, 0.10），虽经参数敏感性分析但缺乏营收真值的直接校准。改进方案：若能在未来获取部分企业的营收明细数据（如通过税务系统对接），可将无监督估算升级为有监督回归预测，使用梯度提升树（XGBoost）或神经网络学习较好权重。",2;0.40;0.25;0.25;0.10,forecast,D,rewrite_as_scope,现有数据为单一时间截面，仅能描述当前样本结构，不能据此作确定性趋势预测。
paragraph:583,Normal,（3）局限三（横截面数据限制）：本研究基于单一时点的横截面数据，无法捕捉产业结构和企业体育业务的动态演变。改进方案：建立多年度的连续数据集，开展体育产业的时间序列分析，识别产业的增长趋势、衰退信号和结构转型。,3,forecast,D,rewrite_as_scope,现有数据为单一时间截面，仅能描述当前样本结构，不能据此作确定性趋势预测。
paragraph:584,Normal,（4）局限四（数据源单一）：当前仅使用工商登记数据，未融合其他数据源。改进方案：对接社保缴纳数据（人员投入）、税务数据（营收验证）、知识产权数据（技术创新方向）、网络信息（业务动态补充），构建多维度的企业全景画像。,4,,D,recalculate,仅在与正式复算快照或经核验的权威来源一致时保留。
paragraph:585,Heading 2,6.4 推广应用路径,6.4,,D,recalculate,仅在与正式复算快照或经核验的权威来源一致时保留。
paragraph:588,Normal,（1）第一阶段“试点验证”（M1-M3，第1-3个月）：选取1-2个地级市开展试点部署，完成系统安装配置、统计人员操作培训和首批数据导入分析；里程碑——试点报告提交，识别精确率经人工复核达到85%以上。,1;1;3;1;2;85%,evaluation,D,remove,当前工作区未提供逐条人工金标准、预测分数或标注者记录，不报告准确率、AUC、Kappa、Pearson相关系数等指标。
paragraph:589,Normal,（2）第二阶段“标准固化”（M4-M6，第4-6个月）：基于试点反馈优化模型参数（阈值调优、词典扩充、规则修正），起草《体育产业NLP识别技术规范》地方标准（DB）初稿，组织专家评审会；里程碑——地方标准通过评审并正式发布。,2;4;6,,D,recalculate,仅在与正式复算快照或经核验的权威来源一致时保留。
paragraph:590,Normal,（3）第三阶段“全省推广”（M7-M18，第7-18个月）：向全省21个市州全面部署系统，完成各市州统计人员培训（每市州至少2名），将NLP识别纳入年度体育产业统计工作流程，首次产出基于双通道方法的全省体育产业统计数据；里程碑——全省年度体育产业统计公报发布。,3;8;7;18;21;2,,D,recalculate,仅在与正式复算快照或经核验的权威来源一致时保留。
paragraph:591,Normal,（4）第四阶段“跨省复制”（M19-M24，第19-24个月）：总结提炼“XX省经验”，编写《体育产业NLP识别技术应用白皮书》，通过全国体育产业统计工作会议向全国推介，开展跨省技术交流与合作推广；里程碑——白皮书正式发布，至少3个省份启动复制试点。,4;9;4;19;24;3,,D,recalculate,仅在与正式复算快照或经核验的权威来源一致时保留。
paragraph:593,Normal,图6-3 方法论跨领域推广矩阵（数据来源：本研究整理）,6;3,,D,recalculate,仅在与正式复算快照或经核验的权威来源一致时保留。
paragraph:595,Normal,图6-4 政策落地路线图甘特图（数据来源：本研究整理）,6;4,,D,recalculate,仅在与正式复算快照或经核验的权威来源一致时保留。
paragraph:597,Heading 2,7.1 经济效益量化分析,7.1,economic_benefit,D,rewrite_as_scope,系统具备减少重复统计作业的潜力，实际经济效益需结合部署范围、人员工时和成本台账另行评估。
paragraph:598,Heading 2,7.1.1 直接成本节省,7.1;1,economic_benefit,D,rewrite_as_scope,系统具备减少重复统计作业的潜力，实际经济效益需结合部署范围、人员工时和成本台账另行评估。
paragraph:599,Normal,"在传统统计工作流程中，对于行业代码不明确的疑似体育企业，需要统计人员进行人工电话核实或实地走访。以每年需要核查约5,000家疑似企业计算（按地方体育产业统计常规工作量估算），每家企业核查耗时约30分钟（含电话沟通、信息记录和综合判断），总计约2,500人时（约312.5个工作日），按200元/人日的统计人员成本计算（参照市场通用劳务外包服务标准估算），年核查人工成本约为62,500元。","5,000;30;2,500;312.5;200;62,500",economic_benefit,D,rewrite_as_scope,系统具备减少重复统计作业的潜力，实际经济效益需结合部署范围、人员工时和成本台账另行评估。
paragraph:600,Normal,"采用NLP融合识别系统后，全量76,687家企业仅需约17秒即可完成自动识别和测算，将人工核查范围从5,000家缩减至约951家低置信度企业（减少约81%），年节约人工成本约5.06万元（按200元/人日标准测算）。同时，由于机器识别的一致性远高于人工（不存在疲劳、主观判断差异等问题），统计结果的质量和稳定性也相应提升。","76,687;17;5,000;951;81%;5.06;200",economic_benefit,D,rewrite_as_scope,系统具备减少重复统计作业的潜力，实际经济效益需结合部署范围、人员工时和成本台账另行评估。
paragraph:601,Heading 3,7.1.2 产业规模低估的纠正,7.1;2,output_value,D,recalculate,仅在与正式复算快照或经核验的权威来源一致时保留。
paragraph:602,Normal,"传统行业代码法漏掉了934家实际从事体育业务的企业（占11.7%）。若以产出指数中位数65点作为这些被遗漏企业的平均体育产出估算，合计遗漏的产出指数约为60,710点。按产出指数中位数65点、每点对应约1万元年产值的保守比例折算（基于抽样企业财务数据与产出指数的回归校准（R²=0.72，数据来源于课题组实地调研样本）），934家遗漏企业对应约6亿元规模的产业体量在统计意义上被低估。准确的统计口径将直接影响体育产业GDP核算基数、财政资源配置额度和产业政策的施策精度。","934;11.7%;65;60,710;65;1;0.72;934;6",economic_benefit;output_value,D,rewrite_as_scope,系统具备减少重复统计作业的潜力，实际经济效益需结合部署范围、人员工时和成本台账另行评估。
paragraph:603,Heading 3,7.1.3 资源错配的减少,7.1;3,economic_benefit,D,rewrite_as_scope,系统具备减少重复统计作业的潜力，实际经济效益需结合部署范围、人员工时和成本台账另行评估。
paragraph:604,Normal,在未引入NLP识别能力之前，产业扶持资金（如税收优惠、场地补贴、赛事承办资格等）的分配依据主要是企业的行业代码。这导致了两个方向的错配：一方面，部分“代码体育企业”实际上已不再经营体育业务却仍享受扶持政策；另一方面，大量跨界从事体育业务的企业因代码不符被排除在扶持范围之外。通过精准识别，可将扶持资源准确锁定在真正从事体育业务的企业上。以省级体育产业发展专项资金年均约1亿元规模估算（参考四川省体育发展专项资金及同类省份水平），资源错配率每降低5个百分点，即可节省500万元用于更需要扶持的企业。,1;5;500,economic_benefit,D,rewrite_as_scope,系统具备减少重复统计作业的潜力，实际经济效益需结合部署范围、人员工时和成本台账另行评估。
paragraph:606,Heading 2,7.2 社会效益分析,7.2,,D,recalculate,仅在与正式复算快照或经核验的权威来源一致时保留。
paragraph:607,Heading 3,7.2.1 政府统计治理能力的现代化,7.2;1,,D,recalculate,仅在与正式复算快照或经核验的权威来源一致时保留。
paragraph:609,Normal,（1）从经验定性到数据定量：将统计判定从“看代码”升级为“读文本”，使统计过程更贴近企业实际经营的复杂性和多元性；,1,,D,recalculate,仅在与正式复算快照或经核验的权威来源一致时保留。
paragraph:610,Normal,（2）从单一维度到多维融合：文本+代码的双通道机制为统计方法的现代化转型提供了可操作的范式；,2,,D,recalculate,仅在与正式复算快照或经核验的权威来源一致时保留。
paragraph:611,Normal,（3）从黑箱判定到透明追溯：每条识别结果都有明确的关键词证据链支撑，显著提升统计数据的公信力。,3,,D,recalculate,仅在与正式复算快照或经核验的权威来源一致时保留。
paragraph:612,Normal,"量化测算：传统人工核查模式下，统计人员年均处理核查请求约1,200件，平均响应周期5-7个工作日，企业办事满意度约65%。采用本方案后，自动识别覆盖率提升至90%以上，需人工复核的疑难案例降至年均约120件（下降90%），平均响应周期缩短至1-2个工作日，预计企业办事满意度可提升至85%以上。同时，全样本年度普查从“每5年一次”变为“每年可做”，统计数据时效性提升5倍。","1,200;5;7;65%;90%;120;90%;1;2;85%;5;5",forecast,D,rewrite_as_scope,现有数据为单一时间截面，仅能描述当前样本结构，不能据此作确定性趋势预测。
paragraph:613,Normal,表7-1 社会效益量化对比表,7;1,,D,recalculate,仅在与正式复算快照或经核验的权威来源一致时保留。
paragraph:614,Heading 3,7.2.2 体育产业生态的完善,7.2;2,,D,recalculate,仅在与正式复算快照或经核验的权威来源一致时保留。
paragraph:615,Normal,通过精准识别和监测，934家被传统统计遗漏的体育企业“重新进入”产业视野，可以获得更公平的政策关注、更精准的扶持措施和更广阔的发展空间。新兴业态（电竞、传媒、科技）在获得正式的统计身份后，将更容易被纳入产业发展规划。区域空间分析揭示的不均衡格局，为差异化产业政策的制定提供了科学依据，有助于缩小区域发展差距。,934,,A/B,keep,与2026-08-01正式复算快照一致。
paragraph:616,Normal,"量化效益：977家跨界经营企业的识别纳入，预计可带动年均体育产业统计增加值约6亿元（按产出指数法保守估算）。更重要的是，电子竞技、体育传媒等新兴业态企业获得官方统计身份后，可享受体育产业扶持政策（如产业引导基金、税收优惠、场地补贴等），按每家企业年均获益5-10万元保守估算，年度政策红利释放规模约5,000万-1亿元，有助于培育体育产业新动能。","977;6;5;10;5,000;1",forecast;economic_benefit;output_value,D,rewrite_as_scope,现有数据为单一时间截面，仅能描述当前样本结构，不能据此作确定性趋势预测。
paragraph:617,Heading 3,7.2.3 技术创新生态的培育,7.2;3,,D,recalculate,仅在与正式复算快照或经核验的权威来源一致时保留。
paragraph:620,Heading 2,7.3 产业政策建议,7.3,,D,recalculate,仅在与正式复算快照或经核验的权威来源一致时保留。
paragraph:621,Normal,表7-2 分阶段实施路线图,7;2,,D,recalculate,仅在与正式复算快照或经核验的权威来源一致时保留。
paragraph:623,Normal,（1）完善新兴业态统计分类：电子竞技（跨界率91%）、体育传媒（94%）等业态在现行分类中无对应代码。建议在GB/T 4754修订中增设专项代码，过渡期采用文本标签辅助方式纳入统计。,1;91%;94%;4754,,D,recalculate,仅在与正式复算快照或经核验的权威来源一致时保留。
paragraph:624,Normal,（2）建立跨界经营企业动态监测名录：基于已识别的977家跨界企业建立首批监测名录，实施季度数据更新，跟踪体育业务的发展变化趋势。,2;977,forecast,D,rewrite_as_scope,现有数据为单一时间截面，仅能描述当前样本结构，不能据此作确定性趋势预测。
paragraph:625,Normal,（3）实施体育产业空间均衡发展战略：设立区域体育产业发展专项基金，重点扶持第二梯队城市。目标3-5年内将CR3从77.3%降至55%以下。,3;3;5;77.3%;55%,concentration,D,recalculate,仅在与正式复算快照或经核验的权威来源一致时保留。
paragraph:626,Normal,（4）启动新兴业态专项扶持计划：电竞方面，建设省级电竞产业园，培育赛事IP；体育传媒方面，支持MCN机构发展；体育科技方面，设立创新基金。,4,,D,recalculate,仅在与正式复算快照或经核验的权威来源一致时保留。
paragraph:627,Normal,（5）建设省级体育产业大数据平台：整合工商、税务、社保等多源数据，集成NLP识别引擎，支持年度全样本扫描和月度重点监测。,5,,D,recalculate,仅在与正式复算快照或经核验的权威来源一致时保留。
paragraph:628,Heading 2,7.4 政策落地价值,7.4,,D,recalculate,仅在与正式复算快照或经核验的权威来源一致时保留。
paragraph:630,Normal,（1）制度创新价值：三层融合统计体系。本文提出的“宏观层全样本NLP扫描-中观层分层抽样复核-微观层重点企业深度追踪”三层融合统计体系，为传统统计制度的数字化转型提供了可操作的实施路径。该体系既充分发挥了大数据技术全量覆盖、快速处理的优势，又保留了抽样调查的精确性和深度，实现了技术效率与统计质量的有机统一。,1,,D,recalculate,仅在与正式复算快照或经核验的权威来源一致时保留。
paragraph:631,Normal,（2）标准建设价值：动态分类标准方案。针对现行行业分类标准更新滞后的问题，本文提出了“基础分类+动态标签”的双层分类标准方案。基础分类与GB/T 4754-2017保持衔接，确保统计数据的历史可比性；动态标签体系基于NLP文本分析实时更新，快速响应新业态、新模式的发展需求。该方案可为国家产业分类标准的动态化改革提供地方实践经验。,2;4754;2017,,D,recalculate,仅在与正式复算快照或经核验的权威来源一致时保留。
paragraph:632,Normal,（3）治理能力提升价值：数据驱动决策支持。本项目开发的Web可视化平台，将海量企业数据转化为直观的产业图谱和决策支持信息，使体育产业治理从“经验驱动”转向“数据驱动”。政府部门可以基于平台数据，精准识别产业短板、科学制定扶持政策、动态监测政策效果，显著提升产业治理的精细化和科学化水平。,3,,D,recalculate,仅在与正式复算快照或经核验的权威来源一致时保留。
paragraph:633,Heading 2,7.5 推广应用前景,7.5,,D,recalculate,仅在与正式复算快照或经核验的权威来源一致时保留。
paragraph:635,Normal,（1）地域维度：可复制推广至其他省市。本方法不依赖地方特殊性，基于通用的工商登记数据和行业分类体系，可快速移植到其他省份和城市。预计在全国范围内推广后，可识别的跨界体育企业数量将达到数万家规模，产业规模补全效应更加显著。,1,forecast;output_value,D,rewrite_as_scope,现有数据为单一时间截面，仅能描述当前样本结构，不能据此作确定性趋势预测。
paragraph:636,Normal,（2）产业维度：可推广至其他新兴融合产业。本文提出的“NLP文本识别+多维度加权测算”技术框架，不仅适用于体育产业，也可迁移应用于文化创意、数字经济、绿色环保、健康养老等其他跨界融合特征显著的新兴产业领域，具有普适的方法论价值。,2,,D,recalculate,仅在与正式复算快照或经核验的权威来源一致时保留。
paragraph:637,Normal,（3）应用维度：可拓展至更多统计场景。除产业统计外，本技术方法还可应用于市场监管、税源监控、招商引资、产业规划等多种政务场景，为政府数字化转型提供通用的文本智能分析工具，助力数字政府建设。,3,,D,recalculate,仅在与正式复算快照或经核验的权威来源一致时保留。
paragraph:641,Heading 2,8.1 研究结论,8.1,,D,recalculate,仅在与正式复算快照或经核验的权威来源一致时保留。
paragraph:642,Normal,本文以多元经营背景下体育产业边界识别与规模测算问题为核心，基于76687家企业全样本数据，构建“文本+代码”双通道智能统计框架，系统剖析体育产业统计偏差成因、空间集聚特征与方法适配逻辑，形成以下核心结论：,76687,,A/B,keep,与2026-08-01正式复算快照一致。
paragraph:643,Normal,（1）双通道融合识别方法可有效弥补传统行业代码统计的漏统缺陷。,1,,D,recalculate,仅在与正式复算快照或经核验的权威来源一致时保留。
paragraph:644,Normal,传统行业代码方法仅识别8016家体育企业，识别覆盖率仅10.45%。本文构建的NLP融合识别模型共识别8950家体育经营主体，覆盖率提升至11.67%，新增识别934家跨界企业，整体识别能力提升11.7%。模型共挖掘出977家跨界经营主体，彻底弥补电竞、体育传媒等传统统计盲区，新兴业态识别率由不足10%提升至90%以上。,8016;10.45%;8950;11.67%;934;11.7%;977;10%;90%,,D,recalculate,仅在与正式复算快照或经核验的权威来源一致时保留。
paragraph:646,Normal,（2）体育产业存在“成熟业态低跨界、新兴业态高跨界”的双轨统计结构。,2,,D,recalculate,仅在与正式复算快照或经核验的权威来源一致时保留。
paragraph:647,Normal,实证发现，体育用品制造、健身休闲等传统业态跨界率低于5%，现有行业分类基本可实现有效覆盖；而电竞、体育传媒、体育科技等新业态跨界率超85%，高度依赖混业经营，较为脱离传统国标统计体系。,5%;85%,,D,recalculate,仅在与正式复算快照或经核验的权威来源一致时保留。
paragraph:649,Normal,（3）四川省体育产业呈现高度集聚的“单极主导”空间格局。,3,,D,recalculate,仅在与正式复算快照或经核验的权威来源一致时保留。
paragraph:650,Normal,空间集聚测算结果显示，全省体育产业CR3集中度达77.3%，显著高于传统制造业集聚水平。成都市体育产业体量、企业数量占全省比重约41%，与绵阳、德阳等第二梯队城市形成明显层级差距，产业资源高度集中于核心城市。,77.3%;41%,concentration,D,recalculate,仅在与正式复算快照或经核验的权威来源一致时保留。
paragraph:652,Normal,（4）规则式NLP框架更适配政务统计落地场景，实用性优于深度学习模型。,4,,D,recalculate,仅在与正式复算快照或经核验的权威来源一致时保留。
paragraph:655,Heading 2,8.2 研究创新与贡献,8.2,,D,recalculate,仅在与正式复算快照或经核验的权威来源一致时保留。
paragraph:657,Heading 3,8.2.1 技术创新,8.2;1,,D,recalculate,仅在与正式复算快照或经核验的权威来源一致时保留。
paragraph:658,Normal,（1）实现识别粒度由“企业级”向“业务线级”跨越。业务线解析方法对企业多元经营文本进行逐条拆分，进展传统“一企一归类”的局限，精准区分企业内部体育与非体育业务，解决混业经营企业无法精细统计的难题。,1,,D,recalculate,仅在与正式复算快照或经核验的权威来源一致时保留。
paragraph:659,Normal,（2）构建无营收场景下的连续体量测算体系。构建包含业务覆盖、关键词特征、行业权重、业态适配度的SportRatio四维测算模型，摆脱传统二元判定局限，实现体育业务占比连续量化估算。,2,,D,recalculate,仅在与正式复算快照或经核验的权威来源一致时保留。
paragraph:660,Normal,（3）建立零标注高速识别机制。依托自建体育产业专业词典与TF-IDF特征匹配，实现冷启动快速部署，处理效率远超深度学习模型，适配大规模企业普查场景。,3,,D,recalculate,仅在与正式复算快照或经核验的权威来源一致时保留。
paragraph:661,Heading 3,8.2.2 方法创新,8.2;2,,D,recalculate,仅在与正式复算快照或经核验的权威来源一致时保留。
paragraph:663,Normal,构建19项直接体育类目、17项关联类目的双层代码映射体系，为新业态、跨界主体纳入官方统计口径提供标准化对接范式。,19;17,,D,recalculate,仅在与正式复算快照或经核验的权威来源一致时保留。
paragraph:665,Heading 3,8.2.3 理论贡献,8.2;3,,D,recalculate,仅在与正式复算快照或经核验的权威来源一致时保留。
paragraph:669,Heading 3,8.2.4 应用价值,8.2;4,,D,recalculate,仅在与正式复算快照或经核验的权威来源一致时保留。
paragraph:674,Heading 2,8.3 研究局限与未来展望,8.3,,D,recalculate,仅在与正式复算快照或经核验的权威来源一致时保留。
paragraph:676,Normal,（1）优化复杂语义识别能力。当前规则匹配模式对隐晦、非标准化业务描述识别能力有限，未来可依托现有样本积累少量高质量标注数据，通过弱监督微调、少样本学习方式提升模型语义理解能力，进一步提高新业态、隐蔽跨界主体的识别召回率（Recall）。,1,evaluation,D,remove,当前工作区未提供逐条人工金标准、预测分数或标注者记录，不报告准确率、AUC、Kappa、Pearson相关系数等指标。
paragraph:677,Normal,（2）完善体量测算校准机制。SportRatio模型当前基于多维特征经验加权实现估算，未来可对接真实经营营收数据，通过机器学习回归方法优化权重拟合，降低测算误差，进一步提升体育业务占比量化精度。,2,,D,recalculate,仅在与正式复算快照或经核验的权威来源一致时保留。
paragraph:678,Normal,（3）构建长期动态监测体系。本研究基于单期横截面数据开展静态产业画像，后续可搭建多年连续时序数据库，分析体育产业业态迭代、企业进退、空间格局演化等动态规律，实现从静态统计向动态监测、趋势预判的升级。,3,forecast,D,rewrite_as_scope,现有数据为单一时间截面，仅能描述当前样本结构，不能据此作确定性趋势预测。
paragraph:680,Normal,"[1] 国家统计局. GB/T 4754-2017 国民经济行业分类[S]. 北京:中国标准出版社,2017.",1;4754;2017;2017,,D,recalculate,仅在与正式复算快照或经核验的权威来源一致时保留。
paragraph:681,Normal,"[2] 国家统计局. 体育产业统计分类(2019)[S]. 国家统计局令第26号, 2019.",2;2019;26;2019,,D,recalculate,仅在与正式复算快照或经核验的权威来源一致时保留。
paragraph:682,Normal,[3] 国务院. 关于加快发展体育产业促进体育消费的若干意见[Z]. 国发[2014]46号.,3;2014;46,,D,recalculate,仅在与正式复算快照或经核验的权威来源一致时保留。
paragraph:683,Normal,[4] 国务院办公厅. 体育强国建设纲要[Z]. 国办发[2019]40号.,4;2019;40,,D,recalculate,仅在与正式复算快照或经核验的权威来源一致时保留。
paragraph:684,Normal,"[5] 中共中央,国务院. “健康中国2030”规划纲要[Z]. 2016.",5;2030;2016,,D,recalculate,仅在与正式复算快照或经核验的权威来源一致时保留。
paragraph:685,Normal,"[6] Porter M E. The Competitive Advantage of Nations[M]. New York: Free Press, 1990.",6;1990,,D,recalculate,仅在与正式复算快照或经核验的权威来源一致时保留。
paragraph:686,Normal,"[7] Bresnahan T, Gambardella A. Building High-Tech Clusters: Silicon Valley and Beyond[M]. Cambridge University Press, 2004.",7;2004,,D,recalculate,仅在与正式复算快照或经核验的权威来源一致时保留。
paragraph:687,Normal,"[8] Gentzkow M, Kelly B, Taddy M. Text as data[J]. Journal of Economic Literature, 2019, 57(3):535-574.",8;2019;57;3;535;574,,D,recalculate,仅在与正式复算快照或经核验的权威来源一致时保留。
paragraph:688,Normal,"[9] Sun C, Qiu X, Xu Y, et al. How to fine-tune BERT for text classification?[C]. CCL 2019:194-206.",9;2019;194;206,,D,recalculate,仅在与正式复算快照或经核验的权威来源一致时保留。
paragraph:689,Normal,"[10] Devlin J, Chang M W, Lee K, et al. BERT: Pre-training of deep bidirectional transformers for language understanding[C]. NAACL-HLT, 2019:4171-4186.",10;2019;4171;4186,,D,recalculate,仅在与正式复算快照或经核验的权威来源一致时保留。
paragraph:690,Normal,"[11] 国家统计局. 战略性新兴产业分类（2018）[S]. 国家统计局令第23号, 2018.",11;2018;23;2018,,D,recalculate,仅在与正式复算快照或经核验的权威来源一致时保留。
paragraph:691,Normal,"[12] 林显鹏. 关于建立我国体育产业统计指标体系的研究[J]. 体育科学, 2000, 20(4):1-5.",12;2000;20;4;1;5,,D,recalculate,仅在与正式复算快照或经核验的权威来源一致时保留。
paragraph:692,Normal,"[13] 林显鹏. 国外体育产业统计指标体系研究[J]. 天津体育学院学报, 2000, 15(2):14-17.",13;2000;15;2;14;17,,D,recalculate,仅在与正式复算快照或经核验的权威来源一致时保留。
paragraph:693,Normal,"[14] Tagarev A, Tulechki N, Boytcheva S. Comparison of machine learning approaches for industry classification based on textual descriptions of companies[C]. Proceedings of the International Conference on Recent Advances in Natural Language Processing (RANLP 2019). Varna, Bulgaria: INCOMA, 2019:1169-1175.",14;2019;2019;1169;1175,evaluation,D,remove,当前工作区未提供逐条人工金标准、预测分数或标注者记录，不报告准确率、AUC、Kappa、Pearson相关系数等指标。
paragraph:694,Normal,"[15] Jagrič T, Herman A. AI model for industry classification based on website data[J]. Information, 2024, 15(2):89.",15;2024;15;2;89,,D,recalculate,仅在与正式复算快照或经核验的权威来源一致时保留。
paragraph:695,Normal,"[16] Borchert P, Coussement K, De Weerdt J, et al. Industry-sensitive language modeling for business[J]. European Journal of Operational Research, 2024, 315(2):691-702.",16;2024;315;2;691;702,,D,recalculate,仅在与正式复算快照或经核验的权威来源一致时保留。
paragraph:696,Normal,"[17] Saaty T L. The Analytic Hierarchy Process[M]. New York: McGraw-Hill, 1980.",17;1980,evaluation,D,remove,当前工作区未提供逐条人工金标准、预测分数或标注者记录，不报告准确率、AUC、Kappa、Pearson相关系数等指标。
paragraph:697,Normal,"[18] Viterbi A J. Error bounds for convolutional codes and an asymptotically optimum decoding algorithm[J]. IEEE Transactions on Information Theory, 1967, 13(2):260-269.",18;1967;13;2;260;269,,D,recalculate,仅在与正式复算快照或经核验的权威来源一致时保留。
paragraph:698,Normal,"[19] Salton G, Buckley C. Term-weighting approaches in automatic text retrieval[J]. Information Processing & Management, 1988, 24(5):513-523.",19;1988;24;5;513;523,evaluation,D,remove,当前工作区未提供逐条人工金标准、预测分数或标注者记录，不报告准确率、AUC、Kappa、Pearson相关系数等指标。
paragraph:699,Normal,"[20] 江锐鹏, 钟广玲. 中文分词神器Jieba分词库的应用[J]. 电脑编程技巧与维护, 2023(9):87-89+110.",20;2023;9;87;89;110,,D,recalculate,仅在与正式复算快照或经核验的权威来源一致时保留。
paragraph:700,Normal,"[21] Cohen J. A coefficient of agreement for nominal scales[J]. Educational and Psychological Measurement, 1960, 20(1):37-46.",21;1960;20;1;37;46,,D,recalculate,仅在与正式复算快照或经核验的权威来源一致时保留。
paragraph:701,Normal,"[22] 国家工商行政管理总局. 企业经营范围登记管理规定[Z]. 国家工商行政管理总局令第76号, 2015.",22;76;2015,,D,recalculate,仅在与正式复算快照或经核验的权威来源一致时保留。
paragraph:702,Normal,"[23] 萨蒂T L. 层次分析法: 在资源分配、管理和冲突分析中的应用[M]. 赵树柏等译. 北京: 煤炭工业出版社, 1988.",23;1988,,D,recalculate,仅在与正式复算快照或经核验的权威来源一致时保留。
paragraph:703,Normal,"[24] Landis J R, Koch G G. The measurement of observer agreement for categorical data[J]. Biometrics, 1977, 33(1):159-174.",24;1977;33;1;159;174,,D,recalculate,仅在与正式复算快照或经核验的权威来源一致时保留。
paragraph:705,Heading 2,附录A：体育产业自定义词典（271词，9大业态）,271;9,,D,recalculate,仅在与正式复算快照或经核验的权威来源一致时保留。
paragraph:707,Normal,9大业态及词条数：体育赛事(28词)、健身休闲(36词)、体育用品(32词)、体育培训(30词)、体育场馆(22词)、体育传媒(20词)、体育管理(23词)、电子竞技(18词)、体育彩票(7词)。,9;28;36;32;30;22;20;23;18;7,,D,recalculate,仅在与正式复算快照或经核验的权威来源一致时保留。
paragraph:708,Heading 2,附录B：行业代码双层映射表（36个代码）,36,,D,recalculate,仅在与正式复算快照或经核验的权威来源一致时保留。
paragraph:710,Normal,直接体育代码(19个)：,19,,D,recalculate,仅在与正式复算快照或经核验的权威来源一致时保留。
paragraph:711,Normal,"8911,8912,8919,8921,8929,8930,8392,2441-2449,1821,1831,5142,5242,7121,4892。",8911;8912;8919;8921;8929;8930;8392;2441;2449;1821;1831;5142;5242;7121;4892,,D,recalculate,仅在与正式复算快照或经核验的权威来源一致时保留。
paragraph:712,Normal,间接相关代码(17个)：,17,,D,recalculate,仅在与正式复算快照或经核验的权威来源一致时保留。
paragraph:713,Normal,"8391,8399,8331,8341,1954,1961,5238,8720,8622,8612,8810,7259,7251,6513,6450,7291,7249。",8391;8399;8331;8341;1954;1961;5238;8720;8622;8612;8810;7259;7251;6513;6450;7291;7249,,D,recalculate,仅在与正式复算快照或经核验的权威来源一致时保留。
paragraph:715,Normal,"详见 data/processed/data_documentation_*.md。核心数据文件：enterprise_dataset_*.csv（76,687行x13列）、SportRatio_results_*.csv（76,687行x15列）、enterprise_boundaries_*.csv（8,950行x19列）。","76,687;3;76,687;5;8,950;9",evaluation,D,remove,当前工作区未提供逐条人工金标准、预测分数或标注者记录，不报告准确率、AUC、Kappa、Pearson相关系数等指标。
table:0:row:1,Table Row,去重 | 基于统一社会信用代码全字段去重 | 重复0条，原始质量优,0,,D,recalculate,仅在与正式复算快照或经核验的权威来源一致时保留。
table:0:row:2,Table Row,缺失值 | 空字符串填充 | 98条(0.13%)，影响可忽略,98;0.13%,,D,recalculate,仅在与正式复算快照或经核验的权威来源一致时保留。
table:0:row:3,Table Row,"文本标准化 | 去空白+标点统一 | 76,687条大部分标准化","76,687",,A/B,keep,与2026-08-01正式复算快照一致。
table:0:row:4,Table Row,"行业代码校验 | 范围[1491,9054]扫描 | 100%在有效范围内",1491;9054;100%,,D,recalculate,仅在与正式复算快照或经核验的权威来源一致时保留。
table:2:row:1,Table Row,0.05 | 0.76 | 0.94 | 0.84 | 0.62 | 漏检少但误判多,0.05;0.76;0.94;0.84;0.62,,D,recalculate,仅在与正式复算快照或经核验的权威来源一致时保留。
table:2:row:2,Table Row,0.08 | 0.82 | 0.91 | 0.86 | 0.74 | 偏召回率导向,0.08;0.82;0.91;0.86;0.74,evaluation,D,remove,当前工作区未提供逐条人工金标准、预测分数或标注者记录，不报告准确率、AUC、Kappa、Pearson相关系数等指标。
table:2:row:3,Table Row,0.09 | 0.85 | 0.89 | 0.87 | 0.78 | Youden指数最大点,0.09;0.85;0.89;0.87;0.78,,D,recalculate,仅在与正式复算快照或经核验的权威来源一致时保留。
table:2:row:4,Table Row,0.10 | 0.87 | 0.87 | 0.87 | 0.82 | 最终选定阈值,0.10;0.87;0.87;0.87;0.82,,D,recalculate,仅在与正式复算快照或经核验的权威来源一致时保留。
table:2:row:5,Table Row,0.15 | 0.92 | 0.78 | 0.84 | 0.91 | 偏精确率导向,0.15;0.92;0.78;0.84;0.91,evaluation,D,remove,当前工作区未提供逐条人工金标准、预测分数或标注者记录，不报告准确率、AUC、Kappa、Pearson相关系数等指标。
table:2:row:6,Table Row,0.20 | 0.95 | 0.65 | 0.77 | 0.96 | 误判少但漏检多,0.20;0.95;0.65;0.77;0.96,,D,recalculate,仅在与正式复算快照或经核验的权威来源一致时保留。
table:3:row:1,Table Row,0%-10% | 87 | 4.2% | 5.1% | 0.9% | 21.4%,0%;10%;87;4.2%;5.1%;0.9%;21.4%,,D,recalculate,仅在与正式复算快照或经核验的权威来源一致时保留。
table:3:row:2,Table Row,10%-30% | 96 | 18.5% | 17.8% | 0.7% | 3.8%,10%;30%;96;18.5%;17.8%;0.7%;3.8%,,D,recalculate,仅在与正式复算快照或经核验的权威来源一致时保留。
table:3:row:3,Table Row,30%-50% | 62 | 39.2% | 38.5% | 0.7% | 1.8%,30%;50%;62;39.2%;38.5%;0.7%;1.8%,,D,recalculate,仅在与正式复算快照或经核验的权威来源一致时保留。
table:3:row:4,Table Row,50%-70% | 35 | 58.6% | 59.3% | 0.7% | 1.2%,50%;70%;35;58.6%;59.3%;0.7%;1.2%,,D,recalculate,仅在与正式复算快照或经核验的权威来源一致时保留。
table:3:row:5,Table Row,70%-100% | 20 | 85.3% | 84.1% | 1.2% | 1.4%,70%;100%;20;85.3%;84.1%;1.2%;1.4%,,D,recalculate,仅在与正式复算快照或经核验的权威来源一致时保留。
table:3:row:6,Table Row,合计/平均 | 300 | 27.8% | 27.5% | 0.7% | 5.9%,300;27.8%;27.5%;0.7%;5.9%,,D,recalculate,仅在与正式复算快照或经核验的权威来源一致时保留。
table:4:row:1,Table Row,标注员B: 是 | 121 | 12 | 133,121;12;133,,D,recalculate,仅在与正式复算快照或经核验的权威来源一致时保留。
table:4:row:2,Table Row,标注员B: 否 | 10 | 157 | 167,10;157;167,,D,recalculate,仅在与正式复算快照或经核验的权威来源一致时保留。
table:4:row:3,Table Row,合计 | 131 | 169 | 300,131;169;300,,D,recalculate,仅在与正式复算快照或经核验的权威来源一致时保留。
table:5:row:1,Table Row,标注数据需求 | 零标注 | 需1000+条 | 需5000+条 | 少量/零标注,1000;5000,,D,recalculate,仅在与正式复算快照或经核验的权威来源一致时保留。
table:5:row:2,Table Row,识别精确率 | 中高（F1=0.87） | 中（F1=0.80） | 高（F1=0.92+） | 中低（波动大）,0.87;0.80;0.92,evaluation,D,remove,当前工作区未提供逐条人工金标准、预测分数或标注者记录，不报告准确率、AUC、Kappa、Pearson相关系数等指标。
table:5:row:4,Table Row,处理速度 | 快（6325条/秒） | 中（800条/秒） | 慢（~30条/秒） | 慢,6325;800;30,performance,D,remove,当前材料未提供可复核的压力测试原始记录，因此不报告平台性能数值。
table:5:row:7,Table Row,跨界发现能力 | 强（977家） | 中（820家） | 强 | 中,977;820,,D,recalculate,仅在与正式复算快照或经核验的权威来源一致时保留。
table:6:row:1,Table Row,"基准方案 | 0.40 | 0.25 | 0.25 | 0.10 | 0.87 | 8,950 | —","0.40;0.25;0.25;0.10;0.87;8,950",,D,recalculate,仅在与正式复算快照或经核验的权威来源一致时保留。
table:6:row:2,Table Row,"W₁ +20% | 0.48 | 0.23 | 0.19 | 0.10 | 0.86 | 8,812 | -1.5%","20%;0.48;0.23;0.19;0.10;0.86;8,812;1.5%",,D,recalculate,仅在与正式复算快照或经核验的权威来源一致时保留。
table:6:row:3,Table Row,"W₁ -20% | 0.32 | 0.28 | 0.30 | 0.10 | 0.85 | 9,087 | +1.5%","20%;0.32;0.28;0.30;0.10;0.85;9,087;1.5%",,D,recalculate,仅在与正式复算快照或经核验的权威来源一致时保留。
table:6:row:4,Table Row,"W₂ +20% | 0.37 | 0.30 | 0.23 | 0.10 | 0.86 | 8,896 | -0.6%","20%;0.37;0.30;0.23;0.10;0.86;8,896;0.6%",,D,recalculate,仅在与正式复算快照或经核验的权威来源一致时保留。
table:6:row:5,Table Row,"W₂ -20% | 0.42 | 0.20 | 0.28 | 0.10 | 0.86 | 9,012 | +0.7%","20%;0.42;0.20;0.28;0.10;0.86;9,012;0.7%",,D,recalculate,仅在与正式复算快照或经核验的权威来源一致时保留。
table:6:row:6,Table Row,"W₃ +20% | 0.37 | 0.23 | 0.30 | 0.10 | 0.85 | 8,765 | -2.1%","20%;0.37;0.23;0.30;0.10;0.85;8,765;2.1%",,D,recalculate,仅在与正式复算快照或经核验的权威来源一致时保留。
table:6:row:7,Table Row,"W₃ -20% | 0.43 | 0.27 | 0.20 | 0.10 | 0.86 | 9,124 | +1.9%","20%;0.43;0.27;0.20;0.10;0.86;9,124;1.9%",,D,recalculate,仅在与正式复算快照或经核验的权威来源一致时保留。
table:6:row:8,Table Row,"W₄ +20% | 0.39 | 0.24 | 0.24 | 0.12 | 0.87 | 8,978 | +0.3%","20%;0.39;0.24;0.24;0.12;0.87;8,978;0.3%",,D,recalculate,仅在与正式复算快照或经核验的权威来源一致时保留。
table:6:row:9,Table Row,"W₄ -20% | 0.41 | 0.26 | 0.26 | 0.08 | 0.86 | 8,921 | -0.3%","20%;0.41;0.26;0.26;0.08;0.86;8,921;0.3%",,D,recalculate,仅在与正式复算快照或经核验的权威来源一致时保留。
table:6:row:11,Table Row,业务范围占比（W1） | 业务范围占比（W1） | 1 | 2 | 2 | 2 | 3 | 3 | 0.40,1;2;2;2;3;3;0.40,,D,recalculate,仅在与正式复算快照或经核验的权威来源一致时保留。
table:6:row:12,Table Row,文本匹配强度（W2） | 文本匹配强度（W2） | 1/2 | 1 | 1 | 1 | 2 | 2 | 0.25,1;2;1;1;1;2;2;0.25,,D,recalculate,仅在与正式复算快照或经核验的权威来源一致时保留。
table:6:row:13,Table Row,行业代码权重（W3） | 行业代码权重（W3） | 1/2 | 1 | 1 | 1 | 2 | 2 | 0.25,1;2;1;1;1;2;2;0.25,,D,recalculate,仅在与正式复算快照或经核验的权威来源一致时保留。
table:6:row:14,Table Row,业态覆盖度（W4） | 业态覆盖度（W4） | 1/3 | 1/2 | 1/2 | 1/2 | 1 | 1 | 0.10,1;3;1;2;1;2;1;2;1;1;0.10,,D,recalculate,仅在与正式复算快照或经核验的权威来源一致时保留。
table:6:row:15,Table Row,一致性检验 | 一致性检验 | λmax=4.021 | CI=0.007 | RI=0.90 | RI=0.90 | CR=0.008<0.1 | CR=0.008<0.1 | 通过,4.021;0.007;0.90;0.90;0.008;0.1;0.008;0.1,,D,recalculate,仅在与正式复算快照或经核验的权威来源一致时保留。
table:7:row:1,Table Row,SportRatio阈值 | 0.10 | 五组候选值交叉验证 | 0.10 | F1最高（0.87）,0.10;0.10;0.87,evaluation,D,remove,当前工作区未提供逐条人工金标准、预测分数或标注者记录，不报告准确率、AUC、Kappa、Pearson相关系数等指标。
table:7:row:2,Table Row,业务范围占比权重W1 | 0.40 | ±20%敏感性分析 | 0.40 | 影响最大（±8%）,0.40;20%;0.40;8%,,D,recalculate,仅在与正式复算快照或经核验的权威来源一致时保留。
table:7:row:3,Table Row,关键词密度权重W2 | 0.25 | ±20%敏感性分析 | 0.25 | 影响中等（±5%）,0.25;20%;0.25;5%,,D,recalculate,仅在与正式复算快照或经核验的权威来源一致时保留。
table:7:row:4,Table Row,行业代码权重W3 | 0.25 | ±20%敏感性分析 | 0.25 | 影响中等（±4%）,0.25;20%;0.25;4%,,D,recalculate,仅在与正式复算快照或经核验的权威来源一致时保留。
table:7:row:5,Table Row,业态覆盖度权重W4 | 0.10 | ±20%敏感性分析 | 0.10 | 影响最小（±2%）,0.10;20%;0.10;2%,,D,recalculate,仅在与正式复算快照或经核验的权威来源一致时保留。
table:7:row:6,Table Row,高置信度阈值 | 0.90 | 先验+实证校准 | 0.95/0.75/ / 0.70/0.60 | 偏差≤±5%,0.90;0.95;0.75;0.70;0.60;5%,,D,recalculate,仅在与正式复算快照或经核验的权威来源一致时保留。
table:8:row:1,Table Row,"体育企业识别数 | 8,016 | 8,950 | +934 (+11.7%)","8,016;8,950;934;11.7%",,A/B,keep,与2026-08-01正式复算快照一致。
table:8:row:2,Table Row,识别覆盖率 | 10.45% | 11.67% | +1.22%,10.45%;11.67%;1.22%,,D,recalculate,仅在与正式复算快照或经核验的权威来源一致时保留。
table:8:row:3,Table Row,跨界经营发现 | 0 | 977家 | 全新能力,0;977,,D,recalculate,仅在与正式复算快照或经核验的权威来源一致时保留。
table:8:row:4,Table Row,比重输出粒度 | 二值（0/1） | 连续（0.00-1.00） | 质的提升,0;1;0.00;1.00,,D,recalculate,仅在与正式复算快照或经核验的权威来源一致时保留。
table:8:row:5,Table Row,新兴业态覆盖（电竞） | 约0% | 91%（43/47家） | 从盲区到可见,0%;91%;43;47,,D,recalculate,仅在与正式复算快照或经核验的权威来源一致时保留。
table:8:row:6,Table Row,新兴业态覆盖（传媒） | 约0% | 94%（16/17家） | 显著提升,0%;94%;16;17,,D,recalculate,仅在与正式复算快照或经核验的权威来源一致时保留。
table:10:row:1,Table Row,传统行业代码法 | GB/T 4754-2017代码匹配 | 行业代码 | 二值判定 | 无,4754;2017,,D,recalculate,仅在与正式复算快照或经核验的权威来源一致时保留。
table:10:row:3,Table Row,TF-IDF+SVM | TF-IDF特征+SVM分类 | 文本TF-IDF向量 | 二值判定 | 1000+条标注,1000,,D,recalculate,仅在与正式复算快照或经核验的权威来源一致时保留。
table:11:row:1,Table Row,操作系统 | Windows Server 2019 | Standard | 64位企业版,2019;64,,D,recalculate,仅在与正式复算快照或经核验的权威来源一致时保留。
table:11:row:2,Table Row,CPU | Intel Xeon Gold 6248 | 2.5GHz×20核 | 双路服务器,6248;2.5;20,performance,D,remove,当前材料未提供可复核的压力测试原始记录，因此不报告平台性能数值。
table:11:row:3,Table Row,内存 | DDR4 ECC RAM | 64GB | 双通道,64,performance,D,remove,当前材料未提供可复核的压力测试原始记录，因此不报告平台性能数值。
table:11:row:4,Table Row,Python | Python 3.9 | 3.9.13 | Anaconda发行版,3.9;3.9;13,,D,recalculate,仅在与正式复算快照或经核验的权威来源一致时保留。
table:11:row:5,Table Row,jieba分词 | jieba | v0.42.1 | 开源中文分词库,42.1,,D,recalculate,仅在与正式复算快照或经核验的权威来源一致时保留。
table:11:row:6,Table Row,FastAPI | FastAPI | 0.104.1 | 后端API框架,0.104;1,,D,recalculate,仅在与正式复算快照或经核验的权威来源一致时保留。
table:11:row:7,Table Row,数据库 | MySQL | 8.0.35 | 关系型数据库,8.0;35,,D,recalculate,仅在与正式复算快照或经核验的权威来源一致时保留。
table:11:row:8,Table Row,数据存储 | SSD固态存储 | 500GB | 读写速度3500MB/s,500;3500,,D,recalculate,仅在与正式复算快照或经核验的权威来源一致时保留。
table:12:row:1,Table Row,业态类型 | 体育用品制造 | 50 | 10% | 随机抽样,50;10%,,D,recalculate,仅在与正式复算快照或经核验的权威来源一致时保留。
table:12:row:2,Table Row,业态类型 | 健身休闲活动 | 55 | 11% | 随机抽样,55;11%,,D,recalculate,仅在与正式复算快照或经核验的权威来源一致时保留。
table:12:row:3,Table Row,业态类型 | 体育竞赛表演 | 45 | 9% | 随机抽样,45;9%,,D,recalculate,仅在与正式复算快照或经核验的权威来源一致时保留。
table:12:row:4,Table Row,业态类型 | 体育场地服务 | 50 | 10% | 随机抽样,50;10%,,D,recalculate,仅在与正式复算快照或经核验的权威来源一致时保留。
table:12:row:5,Table Row,业态类型 | 体育培训 | 50 | 10% | 随机抽样,50;10%,,D,recalculate,仅在与正式复算快照或经核验的权威来源一致时保留。
table:12:row:6,Table Row,业态类型 | 体育传媒与信息 | 60 | 12% | 随机抽样,60;12%,,D,recalculate,仅在与正式复算快照或经核验的权威来源一致时保留。
table:12:row:7,Table Row,业态类型 | 电子竞技 | 55 | 11% | 随机抽样,55;11%,,D,recalculate,仅在与正式复算快照或经核验的权威来源一致时保留。
table:12:row:8,Table Row,业态类型 | 体育科技服务 | 50 | 10% | 随机抽样,50;10%,,D,recalculate,仅在与正式复算快照或经核验的权威来源一致时保留。
table:12:row:9,Table Row,业态类型 | 其他相关产业 | 85 | 17% | 随机抽样,85;17%,,D,recalculate,仅在与正式复算快照或经核验的权威来源一致时保留。
table:12:row:10,Table Row,置信度层级 | 高置信度（>80分） | 200 | 40% | 分层随机,80;200;40%,,D,recalculate,仅在与正式复算快照或经核验的权威来源一致时保留。
table:12:row:11,Table Row,置信度层级 | 中置信度（50-80分） | 200 | 40% | 分层随机,50;80;200;40%,,D,recalculate,仅在与正式复算快照或经核验的权威来源一致时保留。
table:12:row:12,Table Row,置信度层级 | 低置信度（<50分） | 100 | 20% | 分层随机,50;100;20%,,D,recalculate,仅在与正式复算快照或经核验的权威来源一致时保留。
table:12:row:13,Table Row,合计 | - | 500 | 100% | -,500;100%,,D,recalculate,仅在与正式复算快照或经核验的权威来源一致时保留。
table:13:row:1,Table Row,"方案1（基准参数） | 0.918 | 0.862 | 0.889 | ±10% | 15,337","1;0.918;0.862;0.889;10%;15,337",,D,recalculate,仅在与正式复算快照或经核验的权威来源一致时保留。
table:13:row:2,Table Row,"方案2（权重±5%） | 0.925 | 0.871 | 0.897 | ±10% | 15,337","2;5%;0.925;0.871;0.897;10%;15,337",,D,recalculate,仅在与正式复算快照或经核验的权威来源一致时保留。
table:13:row:3,Table Row,"方案3（权重±10%） | 0.912 | 0.868 | 0.889 | ±10% | 15,337","3;10%;0.912;0.868;0.889;10%;15,337",,D,recalculate,仅在与正式复算快照或经核验的权威来源一致时保留。
table:13:row:4,Table Row,"方案4（阈值±0.05） | 0.921 | 0.875 | 0.897 | ±10% | 15,337","4;0.05;0.921;0.875;0.897;10%;15,337",,D,recalculate,仅在与正式复算快照或经核验的权威来源一致时保留。
table:13:row:5,Table Row,"方案5（阈值±0.10） | 0.916 | 0.865 | 0.890 | ±10% | 15,337","5;0.10;0.916;0.865;0.890;10%;15,337",,D,recalculate,仅在与正式复算快照或经核验的权威来源一致时保留。
table:13:row:6,Table Row,平均值 | 0.918 | 0.868 | 0.892 | - | -,0.918;0.868;0.892,,D,recalculate,仅在与正式复算快照或经核验的权威来源一致时保留。
table:13:row:7,Table Row,标准差 | 0.005 | 0.005 | 0.004 | - | -,0.005;0.005;0.004,,D,recalculate,仅在与正式复算快照或经核验的权威来源一致时保留。
table:14:row:1,Table Row,精确率（Precision） | 0.95 | 0.68 | 0.82 | 0.92,0.95;0.68;0.82;0.92,evaluation,D,remove,当前工作区未提供逐条人工金标准、预测分数或标注者记录，不报告准确率、AUC、Kappa、Pearson相关系数等指标。
table:14:row:2,Table Row,召回率（Recall） | 0.58 | 0.84 | 0.78 | 0.83,0.58;0.84;0.78;0.83,evaluation,D,remove,当前工作区未提供逐条人工金标准、预测分数或标注者记录，不报告准确率、AUC、Kappa、Pearson相关系数等指标。
table:14:row:3,Table Row,F1值（F1-score） | 0.72 | 0.75 | 0.80 | 0.87,0.72;0.75;0.80;0.87,evaluation,D,remove,当前工作区未提供逐条人工金标准、预测分数或标注者记录，不报告准确率、AUC、Kappa、Pearson相关系数等指标。
table:14:row:4,Table Row,"处理速度（条/秒） | 20,000 | 5,800 | 800 | 6,325","20,000;5,800;800;6,325",performance,D,remove,当前材料未提供可复核的压力测试原始记录，因此不报告平台性能数值。
table:14:row:5,Table Row,全量处理时间 | ~4秒 | ~13秒 | ~96秒 | ~12秒,4;13;96;12,,D,recalculate,仅在与正式复算快照或经核验的权威来源一致时保留。
table:14:row:6,Table Row,"跨界发现企业数 | 0 | 1,050 | 820 | 977","0;1,050;820;977",,D,recalculate,仅在与正式复算快照或经核验的权威来源一致时保留。
table:14:row:8,Table Row,"标注数据需求 | 无 | 零标注（需词典） | 1,000+条 | 零标注（需词典）","1,000",,D,recalculate,仅在与正式复算快照或经核验的权威来源一致时保留。
table:15:row:1,Table Row,"体育用品 | 171,922 | 29.69% | 2,265 | 6.84% | 正常","171,922;29.69%;2,265;6.84%",,D,recalculate,仅在与正式复算快照或经核验的权威来源一致时保留。
table:15:row:2,Table Row,"健身休闲 | 156,283 | 26.99% | 3,134 | 2.36% | 正常","156,283;26.99%;3,134;2.36%",,D,recalculate,仅在与正式复算快照或经核验的权威来源一致时保留。
table:15:row:3,Table Row,"体育赛事 | 98,301 | 16.97% | 1,241 | 36.1% | 较高","98,301;16.97%;1,241;36.1%",,D,recalculate,仅在与正式复算快照或经核验的权威来源一致时保留。
table:15:row:4,Table Row,"体育培训 | 65,306 | 11.28% | 895 | 3.8% | 正常","65,306;11.28%;895;3.8%",,D,recalculate,仅在与正式复算快照或经核验的权威来源一致时保留。
table:15:row:5,Table Row,"体育场馆 | 47,614 | 8.22% | 601 | 9.48% | 正常","47,614;8.22%;601;9.48%",,D,recalculate,仅在与正式复算快照或经核验的权威来源一致时保留。
table:15:row:6,Table Row,"体育管理 | 35,561 | 6.14% | 754 | 20.42% | 较高","35,561;6.14%;754;20.42%",,D,recalculate,仅在与正式复算快照或经核验的权威来源一致时保留。
table:15:row:7,Table Row,"电子竞技 | 2,928 | 0.51% | 43 | 90.7% | 极高","2,928;0.51%;43;90.7%",,D,recalculate,仅在与正式复算快照或经核验的权威来源一致时保留。
table:15:row:8,Table Row,"体育传媒 | 1,139 | 0.2% | 16 | 93.75% | 极高","1,139;0.2%;16;93.75%",,D,recalculate,仅在与正式复算快照或经核验的权威来源一致时保留。
table:15:row:9,Table Row,体育彩票 | 66 | 0.01% | 1 | 100.0% | 极高,66;0.01%;1;100.0%,,D,recalculate,仅在与正式复算快照或经核验的权威来源一致时保留。
table:16:row:1,Table Row,"1 | 成都市 | 237,695 | 3,704","1;237,695;3,704",,D,recalculate,仅在与正式复算快照或经核验的权威来源一致时保留。
table:16:row:2,Table Row,"2 | 绵阳市 | 13,636 | 208","2;13,636;208",,D,recalculate,仅在与正式复算快照或经核验的权威来源一致时保留。
table:16:row:3,Table Row,"3 | 宜宾市 | 11,993 | 188","3;11,993;188",,D,recalculate,仅在与正式复算快照或经核验的权威来源一致时保留。
table:16:row:4,Table Row,"4 | 泸州市 | 11,252 | 189","4;11,252;189",,D,recalculate,仅在与正式复算快照或经核验的权威来源一致时保留。
table:16:row:5,Table Row,"5 | 乐山市 | 10,318 | 159","5;10,318;159",,D,recalculate,仅在与正式复算快照或经核验的权威来源一致时保留。
table:16:row:6,Table Row,"6 | 南充市 | 9,648 | 146","6;9,648;146",,D,recalculate,仅在与正式复算快照或经核验的权威来源一致时保留。
table:16:row:7,Table Row,"7 | 眉山市 | 7,010 | 100","7;7,010;100",,D,recalculate,仅在与正式复算快照或经核验的权威来源一致时保留。
table:16:row:8,Table Row,"8 | 自贡市 | 6,954 | 106","8;6,954;106",,D,recalculate,仅在与正式复算快照或经核验的权威来源一致时保留。
table:16:row:9,Table Row,"9 | 达州市 | 6,835 | 97","9;6,835;97",,D,recalculate,仅在与正式复算快照或经核验的权威来源一致时保留。
table:16:row:10,Table Row,"10 | 攀枝花市 | 6,356 | 91","10;6,356;91",,D,recalculate,仅在与正式复算快照或经核验的权威来源一致时保留。
table:17:row:1,Table Row,"2020 | 5,200 | - | 100 | 疫情恢复期","2020;5,200;100",,D,recalculate,仅在与正式复算快照或经核验的权威来源一致时保留。
table:17:row:2,Table Row,"2022 | 6,800 | 14.5% | 138 | 快速增长期","2022;6,800;14.5%;138",,D,recalculate,仅在与正式复算快照或经核验的权威来源一致时保留。
table:17:row:3,Table Row,"2024 | 8,957 | 12.3% | 176 | 质量提升期","2024;8,957;12.3%;176",,D,recalculate,仅在与正式复算快照或经核验的权威来源一致时保留。
table:17:row:4,Table Row,"2026 | 11,300 | 12.0% | 225 | 加速扩张期","2026;11,300;12.0%;225",,D,recalculate,仅在与正式复算快照或经核验的权威来源一致时保留。
table:17:row:5,Table Row,"2028 | 15,000 | 15.0% | 300 | 成熟发展期","2028;15,000;15.0%;300",,D,recalculate,仅在与正式复算快照或经核验的权威来源一致时保留。
table:18:row:0,Table Row,业态类型 | 2024年占比 | 2028年预测占比 | 年均增速 | 趋势判断,2024;2028,forecast,D,rewrite_as_scope,现有数据为单一时间截面，仅能描述当前样本结构，不能据此作确定性趋势预测。
table:18:row:1,Table Row,体育用品制造/销售 | 45% | 35% | 5%-8% | 稳步增长，占比下降,45%;35%;5%;8%,,D,recalculate,仅在与正式复算快照或经核验的权威来源一致时保留。
table:18:row:2,Table Row,健身休闲活动 | 18% | 20% | 12%-15% | 持续快速增长,18%;20%;12%;15%,,D,recalculate,仅在与正式复算快照或经核验的权威来源一致时保留。
table:18:row:3,Table Row,电子竞技 | 8% | 15% | 25%-30% | 爆发式增长,8%;15%;25%;30%,,D,recalculate,仅在与正式复算快照或经核验的权威来源一致时保留。
table:18:row:4,Table Row,体育传媒与信息服务 | 5% | 10% | 20%-25% | 高速增长,5%;10%;20%;25%,,D,recalculate,仅在与正式复算快照或经核验的权威来源一致时保留。
table:18:row:5,Table Row,体育培训与教育 | 12% | 12% | 10%-12% | 稳定增长,12%;12%;10%;12%,,D,recalculate,仅在与正式复算快照或经核验的权威来源一致时保留。
table:18:row:6,Table Row,其他服务类 | 12% | 8% | 8%-10% | 平稳发展,12%;8%;8%;10%,,D,recalculate,仅在与正式复算快照或经核验的权威来源一致时保留。
table:19:row:1,Table Row,页面加载 | 首页加载时间 | 1.2秒 | <3秒 | 达标,1.2;3,,D,recalculate,仅在与正式复算快照或经核验的权威来源一致时保留。
table:19:row:2,Table Row, | 业态分布图表渲染 | 0.8秒 | <2秒 | 达标,0.8;2,,D,recalculate,仅在与正式复算快照或经核验的权威来源一致时保留。
table:19:row:3,Table Row,数据查询 | 单条件查询响应 | 1.8秒 | <3秒 | 达标,1.8;3,,D,recalculate,仅在与正式复算快照或经核验的权威来源一致时保留。
table:19:row:4,Table Row, | 多条件组合查询 | 4.2秒 | <8秒 | 达标,4.2;8,,D,recalculate,仅在与正式复算快照或经核验的权威来源一致时保留。
table:19:row:5,Table Row,并发性能 | 同时在线用户数 | 50人 | >30人 | 达标,50;30,performance,D,remove,当前材料未提供可复核的压力测试原始记录，因此不报告平台性能数值。
table:19:row:6,Table Row, | 并发查询成功率 | 99.2% | >95% | 达标,99.2%;95%,performance,D,remove,当前材料未提供可复核的压力测试原始记录，因此不报告平台性能数值。
table:19:row:7,Table Row,数据处理 | 全样本数据导入 | 15分钟 | <30分钟 | 达标,15;30,,D,recalculate,仅在与正式复算快照或经核验的权威来源一致时保留。
table:19:row:8,Table Row, | 报表生成速度 | 8秒/份 | <30秒/份 | 达标,8;30,,D,recalculate,仅在与正式复算快照或经核验的权威来源一致时保留。
table:19:row:9,Table Row,用户体验 | 用户满意度评分 | 4.6/5.0 | >4.0/5.0 | 达标,4.6;5.0;4.0;5.0,,D,recalculate,仅在与正式复算快照或经核验的权威来源一致时保留。
table:20:row:2,Table Row,测算层 | 多维度比重模型 | 四维加权（W1-W4） | 体育占比(0-1)+置信度 | 新增连续量化能力,0;1,,D,recalculate,仅在与正式复算快照或经核验的权威来源一致时保留。
table:21:row:1,Table Row,"人工核查企业数 | 5,000家/年 | 951家/年 | ↓81%","5,000;951;81%",,D,recalculate,仅在与正式复算快照或经核验的权威来源一致时保留。
table:21:row:2,Table Row,平均响应周期 | 5-7个工作日 | 1-2个工作日 | ↓约70%,5;7;1;2;70%,,D,recalculate,仅在与正式复算快照或经核验的权威来源一致时保留。
table:21:row:3,Table Row,统计口径偏差率 | 约15-20% | 约3-5% | ↓约75%,15;20%;3;5%;75%,,D,recalculate,仅在与正式复算快照或经核验的权威来源一致时保留。
table:21:row:4,Table Row,全样本普查覆盖 | 抽样调查（约10%） | 全量覆盖（100%） | 提升10倍,10%;100%;10,,D,recalculate,仅在与正式复算快照或经核验的权威来源一致时保留。
table:21:row:5,Table Row,数据更新频率 | 年度/半年度 | 月度/实时 | 提升6-12倍,6;12,,D,recalculate,仅在与正式复算快照或经核验的权威来源一致时保留。
table:21:row:6,Table Row,新兴业态识别率 | 不足20% | 超过90% | ↑约350%,20%;90%;350%,,D,recalculate,仅在与正式复算快照或经核验的权威来源一致时保留。
table:21:row:7,Table Row,政策落地时效性 | 3-6个月 | 1-2个月 | 提升约60%,3;6;1;2;60%,,D,recalculate,仅在与正式复算快照或经核验的权威来源一致时保留。
table:22:row:1,Table Row,近期启动 | 0-6个月 | 发布NLP技术指南，建立跨界名录，电竞/传媒临时分类 | 统计局+体育局,0;6,,D,recalculate,仅在与正式复算快照或经核验的权威来源一致时保留。
table:22:row:2,Table Row,短期推进 | 6-12个月 | 名录库系统上线，第二梯队城市调研，平台需求分析 | 市场监管局+体育局,6;12,,D,recalculate,仅在与正式复算快照或经核验的权威来源一致时保留。
table:22:row:3,Table Row,中期建设 | 12-24个月 | 大数据平台上线，模型年度校准，空间均衡政策评估 | 大数据局+体育局,12;24,,D,recalculate,仅在与正式复算快照或经核验的权威来源一致时保留。
table:22:row:4,Table Row,远期完善 | 24-36个月 | 行业代码修订提案，推广至其他新兴产业，形成地方标准 | 国家标准委+统计局,24;36,,D,recalculate,仅在与正式复算快照或经核验的权威来源一致时保留。
